nrideoutmi@nsu.edu,315,brushes and applicators,Liquid Touch Concealer Brush,Rare Beauty Liquid Touch Brush,Makeup Brush,$15 ,4
nrideoutmi@nsu.edu,270,bodysuit,Ribbed Turtleneck Bodysuit,Wilde Black Ribbed Long Sleeve Mock Neck Bodysuit,Turtleneck tee,$120 ,2
ndutchburnel@nsu.edu,317,Cooking accessories,Double boiler insert,Double boiler insert_for_all,Boiler,$35 ,5
wlaurancegt@nsu.edu,91,Clothing,Ribbed Turtleneck Bodysuit,Wilde Black Ribbed Long Sleeve Mock Neck Bodysuit,Turtleneck tee,$120 ,4
wlaurancegt@nsu.edu,124,Cell Phones,iPhone,13 Pro Max,New iPhone Model,"$1,100 ",5
wlaurancegt@nsu.edu,225,bodysuit,Ribbed Turtleneck Bodysuit,Wilde Black Ribbed Long Sleeve Mock Neck Bodysuit,Turtleneck tee,$120 ,1
rdichee@adobe.com,6,Kitchen & cooking accessories,Double boiler insert,Double boiler insert_for_all,Boiler,$35 ,3
dmccritchiej3@nsu.edu,109,makeup,Liquid Touch Concealer Brush,Rare Beauty Liquid Touch Brush,Makeup Brush,$15 ,5
ghalvorsen95@nsu.edu,106,Clothing,short skirts,Selby Mini Skirt,short skirts - Classic,$90 ,0
ghalvorsen95@nsu.edu,192,tops,Oversized T-shirt,Skeleton Hand Print Oversized tee,Attractive tee,$110 ,0
predittjv@nsu.edu,251,Clothing,short skirts,Selby Mini Skirt,short skirts - Classic,$90 ,0
dnaughton9f@nsu.edu,260,iPhone,iPhone,13 Pro Max,New iPhone Model,"$1,100 ",5
rpointn@globo.com,375,makeup,Liquid Touch Concealer Brush,Rare Beauty Liquid Touch Brush,Makeup Brush,$15 ,3
wspadelli8j@nsu.edu,29,Cooking accessories,Mixing bowl,Mr.Mixing bowl,Bowl,$50 ,3
wspadelli8j@nsu.edu,355,Clothing,short skirts,Selby Mini Skirt,short skirts - Classic,$90 ,4
gdowtry4j@nsu.edu,292,Cell Phones,iPhone,13 Pro Max,New iPhone Model,"$1,100 ",5
clelievre1q@spiegel.de,364,t-shirts,Oversized T-shirt,Skeleton Hand Print Oversized tee,Attractive tee,$110 ,5
jspraggon8f@nsu.edu,76,Cooking accessories,Double boiler insert,Double boiler insert_for_all,Boiler,$35 ,4
jkasman1i@histats.com,285,lip,Retractable Rouge Gel Lip Liner,Sephora Rouge Gel Lip Liner,Lip Liner,$20 ,2
spinwillhg@nsu.edu,45,Cooking accessories,Double boiler insert,Double boiler insert_for_all,Boiler,$35 ,1
cmaxted8c@nsu.edu,65,Samsung,Samsung Galaxy,S22,Powerful Android,$850 ,4
kfeeney30@nsu.edu,215,Kitchen & cooking accessories,Mixing bowl,Mr.Mixing bowl,Bowl,$50 ,3
dcordeniw@nsu.edu,164,tops,Oversized T-shirt,Skeleton Hand Print Oversized tee,Attractive tee,$110 ,5
cosgar8u@nsu.edu,185,brushes and applicators,Liquid Touch Concealer Brush,Rare Beauty Liquid Touch Brush,Makeup Brush,$15 ,3
ldickinsbh@nsu.edu,327,lip,Retractable Rouge Gel Lip Liner,Sephora Rouge Gel Lip Liner,Lip Liner,$20 ,3
bdeavenell7o@nsu.edu,399,Clothing,short skirts,Selby Mini Skirt,short skirts - Classic,$90 ,0
amaccathayam@nsu.edu,74,makeup,Liquid Touch Concealer Brush,Rare Beauty Liquid Touch Brush,Makeup Brush,$15 ,0
bstrangeri3@nsu.edu,4,Cell Phones,iPhone,13 Pro Max,New iPhone Model,"$1,100 ",5
bbartkowiak6t@nsu.edu,33,Clothing,short skirts,Selby Mini Skirt,short skirts - Classic,$90 ,5
amarkosn0@nsu.edu,35,bodysuit,Ribbed Turtleneck Bodysuit,Wilde Black Ribbed Long Sleeve Mock Neck Bodysuit,Turtleneck tee,$120 ,4
cmcpolindw@nsu.edu,354,t-shirts,Oversized T-shirt,Skeleton Hand Print Oversized tee,Attractive tee,$110 ,5
dbrinkworth7i@nsu.edu,263,Beauty Products,Liquid Touch Concealer Brush,Rare Beauty Liquid Touch Brush,Makeup Brush,$15 ,1
tappleton2n@delicious.com,392,bodysuit,Ribbed Turtleneck Bodysuit,Wilde Black Ribbed Long Sleeve Mock Neck Bodysuit,Turtleneck tee,$120 ,4
gcordall73@nsu.edu,89,Cell Phones,Samsung Galaxy,S22,Powerful Android,$850 ,3
dbarrowcloughlz@nsu.edu,24,bodysuit,Ribbed Turtleneck Bodysuit,Wilde Black Ribbed Long Sleeve Mock Neck Bodysuit,Turtleneck tee,$120 ,4
nheckjx@nsu.edu,46,Cell Phones,Samsung Galaxy,S22,Powerful Android,$850 ,1
bspottiswoodhm@nsu.edu,300,Clothing,short skirts,Selby Mini Skirt,short skirts - Classic,$90 ,5
gmosconegr@nsu.edu,358,Clothing,short skirts,Selby Mini Skirt,short skirts - Classic,$90 ,0
akelby20@drupal.org,38,brushes and applicators,Liquid Touch Concealer Brush,Rare Beauty Liquid Touch Brush,Makeup Brush,$15 ,0
lbyrdgk@nsu.edu,79,brushes and applicators,Liquid Touch Concealer Brush,Rare Beauty Liquid Touch Brush,Makeup Brush,$15 ,0
mlempertz10@yandex.ru,376,iPhone,iPhone,13 Pro Max,New iPhone Model,"$1,100 ",4
zcowl7l@nsu.edu,174,Cell Phones,Samsung Galaxy,S22,Powerful Android,$850 ,2
asimonsen7z@nsu.edu,394,Clothing,short skirts,Selby Mini Skirt,short skirts - Classic,$90 ,1
pslidders4f@nsu.edu,66,bodysuit,Ribbed Turtleneck Bodysuit,Wilde Black Ribbed Long Sleeve Mock Neck Bodysuit,Turtleneck tee,$120 ,1
awillderjq@nsu.edu,205,tops,Oversized T-shirt,Skeleton Hand Print Oversized tee,Attractive tee,$110 ,2
avenablesi@salon.com,187,Cell Phones,Samsung Galaxy,S22,Powerful Android,$850 ,2
cmcallof@nsu.edu,296,Mixing & measuring tools,Mixing bowl,Mr.Mixing bowl,Bowl,$50 ,1
lsekulla8w@nsu.edu,95,Clothing,short skirts,Selby Mini Skirt,short skirts - Classic,$90 ,1
atorrejon3c@nsu.edu,52,Cell Phones,Samsung Galaxy,S22,Powerful Android,$850 ,0
hmccurts@vinaora.com,93,Kitchen & cooking accessories,Mixing bowl,Mr.Mixing bowl,Bowl,$50 ,0
alillecrop1u@about.com,197,Samsung,Samsung Galaxy,S22,Powerful Android,$850 ,4
ofumagalliqv@nsu.edu,193,Cooking accessories,Double boiler insert,Double boiler insert_for_all,Boiler,$35 ,2
wsemechikci@nsu.edu,112,Cooking accessories,Double boiler insert,Double boiler insert_for_all,Boiler,$35 ,2
ttremollet2t@nsu.edu,221,bodysuit,Ribbed Turtleneck Bodysuit,Wilde Black Ribbed Long Sleeve Mock Neck Bodysuit,Turtleneck tee,$120 ,3
srubinivitzlu@nsu.edu,51,brushes and applicators,Liquid Touch Concealer Brush,Rare Beauty Liquid Touch Brush,Makeup Brush,$15 ,2
ascohiergc@nsu.edu,233,makeup,Retractable Rouge Gel Lip Liner,Sephora Rouge Gel Lip Liner,Lip Liner,$20 ,1
ihannondki@nsu.edu,288,Clothing,Ribbed Turtleneck Bodysuit,Wilde Black Ribbed Long Sleeve Mock Neck Bodysuit,Turtleneck tee,$120 ,4
avirr66@nsu.edu,366,Mixing & measuring tools,Mixing bowl,Mr.Mixing bowl,Bowl,$50 ,5
dgoodenoughgs@nsu.edu,104,Beauty Products,Liquid Touch Concealer Brush,Rare Beauty Liquid Touch Brush,Makeup Brush,$15 ,2
rscampm5@nsu.edu,157,Clothing,Oversized T-shirt,Skeleton Hand Print Oversized tee,Attractive tee,$110 ,4
kkiesselhe@nsu.edu,224,Kitchen & cooking accessories,Double boiler insert,Double boiler insert_for_all,Boiler,$35 ,1
tkorting48@nsu.edu,323,Cell Phones,Samsung Galaxy,S22,Powerful Android,$850 ,5
mbuesdennk@nsu.edu,253,Kitchen & appliances,Double boiler insert,Double boiler insert_for_all,Boiler,$35 ,2
rcayton5r@nsu.edu,100,lip,Retractable Rouge Gel Lip Liner,Sephora Rouge Gel Lip Liner,Lip Liner,$20 ,4
selliker1v@ibm.com,188,Clothing,short skirts,Selby Mini Skirt,short skirts - Classic,$90 ,0
rstanwixm3@nsu.edu,145,Cooking accessories,Double boiler insert,Double boiler insert_for_all,Boiler,$35 ,0
ehaspineallfb@nsu.edu,269,brushes and applicators,Liquid Touch Concealer Brush,Rare Beauty Liquid Touch Brush,Makeup Brush,$15 ,0
onewlindl@nsu.edu,71,t-shirts,Oversized T-shirt,Skeleton Hand Print Oversized tee,Attractive tee,$110 ,3
gdeblaseer@nsu.edu,218,Kitchen & cooking accessories,Mixing bowl,Mr.Mixing bowl,Bowl,$50 ,1
vcawr7@nsu.edu,161,Electrical Supplies,iPhone,13 Pro Max,New iPhone Model,"$1,100 ",1
glibbie7q@nsu.edu,349,Mixing & measuring tools,Mixing bowl,Mr.Mixing bowl,Bowl,$50 ,3
glibbie7q@nsu.edu,77,iPhone,iPhone,13 Pro Max,New iPhone Model,"$1,100 ",4
glibbie7q@nsu.edu,297,Cell Phones,Samsung Galaxy,S22,Powerful Android,$850 ,4
emillhill6q@nsu.edu,287,makeup,Liquid Touch Concealer Brush,Rare Beauty Liquid Touch Brush,Makeup Brush,$15 ,5
iciobotarujm@nsu.edu,158,Kitchen & appliances,Mixing bowl,Mr.Mixing bowl,Bowl,$50 ,3
mfairhamf0@nsu.edu,299,iPhone,iPhone,13 Pro Max,New iPhone Model,"$1,100 ",2
gnorecb@nsu.edu,699,Kitchen & cooking accessories,Mixing bowl,Mr.Mixing bowl,Bowl,$50 ,1
rgoulbornegn@nsu.edu,499,Cooking accessories,Double boiler insert,Double boiler insert_for_all,Boiler,$35 ,4
bspencleyka@nsu.edu,217,Kitchen & cooking accessories,Double boiler insert,Double boiler insert_for_all,Boiler,$35 ,5
hleroy7s@nsu.edu,293,Mixing & measuring tools,Mixing bowl,Mr.Mixing bowl,Bowl,$50 ,5
dbrigstocko2@nsu.edu,353,bodysuit,Ribbed Turtleneck Bodysuit,Wilde Black Ribbed Long Sleeve Mock Neck Bodysuit,Turtleneck tee,$120 ,0
nlarhamap@nsu.edu,298,lip,Retractable Rouge Gel Lip Liner,Sephora Rouge Gel Lip Liner,Lip Liner,$20 ,0
mcrumlyfk@nsu.edu,395,bodysuit,Ribbed Turtleneck Bodysuit,Wilde Black Ribbed Long Sleeve Mock Neck Bodysuit,Turtleneck tee,$120 ,5
jcarvil9@economist.com,199,iPhone,iPhone,13 Pro Max,New iPhone Model,"$1,100 ",3
jcarvil9@economist.com,396,Cell Phones,Samsung Galaxy,S22,Powerful Android,$850 ,1
jboultwoodre@nsu.edu,198,Clothing,short skirts,Selby Mini Skirt,short skirts - Classic,$90 ,5
jcory4w@nsu.edu,286,Mixing & measuring tools,Mixing bowl,Mr.Mixing bowl,Bowl,$50 ,3
pkirklandrq@nsu.edu,214,Clothing,short skirts,Selby Mini Skirt,short skirts - Classic,$90 ,5
rkorneichikbg@nsu.edu,340,Clothing,short skirts,Selby Mini Skirt,short skirts - Classic,$90 ,4
aforsythay@nsu.edu,162,lip,Retractable Rouge Gel Lip Liner,Sephora Rouge Gel Lip Liner,Lip Liner,$20 ,1
kperle7k@nsu.edu,256,Clothing,short skirts,Selby Mini Skirt,short skirts - Classic,$90 ,5
cpaulone4@nsu.edu,343,Clothing,short skirts,Selby Mini Skirt,short skirts - Classic,$90 ,4
solooneybx@nsu.edu,264,makeup,Liquid Touch Concealer Brush,Rare Beauty Liquid Touch Brush,Makeup Brush,$15 ,0
tdairtonp8@nsu.edu,140,Kitchen & cooking accessories,Mixing bowl,Mr.Mixing bowl,Bowl,$50 ,0
feeles4r@nsu.edu,10,Clothing,short skirts,Selby Mini Skirt,short skirts - Classic,$90 ,0
bmaclaverty2v@nsu.edu,400,lip,Retractable Rouge Gel Lip Liner,Sephora Rouge Gel Lip Liner,Lip Liner,$20 ,3
lstuddeard7r@nsu.edu,384,Cell Phones,iPhone,13 Pro Max,New iPhone Model,"$1,100 ",1
rburtwistler8@nsu.edu,326,brushes and applicators,Liquid Touch Concealer Brush,Rare Beauty Liquid Touch Brush,Makeup Brush,$15 ,4
cmabbsdt@nsu.edu,102,Beauty Products,Liquid Touch Concealer Brush,Rare Beauty Liquid Touch Brush,Makeup Brush,$15 ,5
fdeans6l@nsu.edu,238,makeup,Liquid Touch Concealer Brush,Rare Beauty Liquid Touch Brush,Makeup Brush,$15 ,5
bmalbonee@nsu.edu,339,Clothing,short skirts,Selby Mini Skirt,short skirts - Classic,$90 ,5
dbraffington7n@nsu.edu,31,Beauty Products,Liquid Touch Concealer Brush,Rare Beauty Liquid Touch Brush,Makeup Brush,$15 ,4
cgabeyeb@nsu.edu,156,brushes and applicators,Liquid Touch Concealer Brush,Rare Beauty Liquid Touch Brush,Makeup Brush,$15 ,2
dlawteye2@nsu.edu,314,lip,Retractable Rouge Gel Lip Liner,Sephora Rouge Gel Lip Liner,Lip Liner,$20 ,4
mickowics63@nsu.edu,103,Kitchen & appliances,Mixing bowl,Mr.Mixing bowl,Bowl,$50 ,4
qricardoufm@nsu.edu,242,brushes and applicators,Liquid Touch Concealer Brush,Rare Beauty Liquid Touch Brush,Makeup Brush,$15 ,5
ogajownikly@nsu.edu,284,brushes and applicators,Liquid Touch Concealer Brush,Rare Beauty Liquid Touch Brush,Makeup Brush,$15 ,0
oreppaportr0@nsu.edu,57,iPhone,iPhone,13 Pro Max,New iPhone Model,"$1,100 ",0
ccaldeiropf@nsu.edu,244,Electrical Supplies,iPhone,13 Pro Max,New iPhone Model,"$1,100 ",0
kmusslewhitedp@nsu.edu,255,Mixing & measuring tools,Mixing bowl,Mr.Mixing bowl,Bowl,$50 ,1
dparlettkw@nsu.edu,39,brushes and applicators,Liquid Touch Concealer Brush,Rare Beauty Liquid Touch Brush,Makeup Brush,$15 ,5
msprackling43@nsu.edu,92,Kitchen & cooking accessories,Double boiler insert,Double boiler insert_for_all,Boiler,$35 ,5
tandino92@nsu.edu,154,Beauty Products,Retractable Rouge Gel Lip Liner,Sephora Rouge Gel Lip Liner,Lip Liner,$20 ,1
jwooderson5q@nsu.edu,19,bodysuit,Ribbed Turtleneck Bodysuit,Wilde Black Ribbed Long Sleeve Mock Neck Bodysuit,Turtleneck tee,$120 ,5
jgarrood8v@nsu.edu,265,Clothing,short skirts,Selby Mini Skirt,short skirts - Classic,$90 ,4
fstodartdu@nsu.edu,329,Samsung,Samsung Galaxy,S22,Powerful Android,$850 ,1
gescalanteg4@nsu.edu,186,Clothing,Ribbed Turtleneck Bodysuit,Wilde Black Ribbed Long Sleeve Mock Neck Bodysuit,Turtleneck tee,$120 ,3
gmackall4z@nsu.edu,83,Cell Phones,Samsung Galaxy,S22,Powerful Android,$850 ,5
gmackall4z@nsu.edu,236,brushes and applicators,Liquid Touch Concealer Brush,Rare Beauty Liquid Touch Brush,Makeup Brush,$15 ,4
fthunder1p@webs.com,119,Cooking accessories,Double boiler insert,Double boiler insert_for_all,Boiler,$35 ,5
fjacquemypl@nsu.edu,316,Kitchen & appliances,Double boiler insert,Double boiler insert_for_all,Boiler,$35 ,4
edionisiih1@nsu.edu,34,tops,Oversized T-shirt,Skeleton Hand Print Oversized tee,Attractive tee,$110 ,3
lcootesj9@nsu.edu,223,iPhone,iPhone,13 Pro Max,New iPhone Model,"$1,100 ",5
mashling8s@nsu.edu,70,Kitchen & cooking accessories,Mixing bowl,Mr.Mixing bowl,Bowl,$50 ,3
ccolteneh@nsu.edu,369,brushes and applicators,Liquid Touch Concealer Brush,Rare Beauty Liquid Touch Brush,Makeup Brush,$15 ,2
bparkenl7@nsu.edu,231,Kitchen & appliances,Mixing bowl,Mr.Mixing bowl,Bowl,$50 ,2
itompkinson28@pcworld.com,373,Cooking accessories,Double boiler insert,Double boiler insert_for_all,Boiler,$35 ,1
lcuffehv@nsu.edu,168,Kitchen & cooking accessories,Mixing bowl,Mr.Mixing bowl,Bowl,$50 ,5
vrissonh@nsu.edu,259,Clothing,short skirts,Selby Mini Skirt,short skirts - Classic,$90 ,4
dabelson7x@nsu.edu,363,Electrical Supplies,Samsung Galaxy,S22,Powerful Android,$850 ,5
jberntjd@nsu.edu,72,lip,Retractable Rouge Gel Lip Liner,Sephora Rouge Gel Lip Liner,Lip Liner,$20 ,2
ituppm2@nsu.edu,175,Cell Phones,iPhone,13 Pro Max,New iPhone Model,"$1,100 ",1
vconquest69@nsu.edu,371,Mixing & measuring tools,Mixing bowl,Mr.Mixing bowl,Bowl,$50 ,2
ebullardig@nsu.edu,291,Clothing,short skirts,Selby Mini Skirt,short skirts - Classic,$90 ,3
dgurge15@jimdo.com,126,Clothing,Oversized T-shirt,Skeleton Hand Print Oversized tee,Attractive tee,$110 ,1
belfordb@yahoo.co.jp,589,Beauty Products,Liquid Touch Concealer Brush,Rare Beauty Liquid Touch Brush,Makeup Brush,$15 ,3
eorrick96@nsu.edu,289,Kitchen & cooking accessories,Double boiler insert,Double boiler insert_for_all,Boiler,$35 ,0
psarfat78@nsu.edu,63,Kitchen & appliances,Mixing bowl,Mr.Mixing bowl,Bowl,$50 ,0
rwomack49@nsu.edu,108,Kitchen & cooking accessories,Double boiler insert,Double boiler insert_for_all,Boiler,$35 ,0
eovenden5y@nsu.edu,378,Electrical Supplies,iPhone,13 Pro Max,New iPhone Model,"$1,100 ",0
whasnney2b@biblegateway.com,111,Cell Phones,iPhone,13 Pro Max,New iPhone Model,"$1,100 ",3
mromayniq@nsu.edu,625,iPhone,iPhone,13 Pro Max,New iPhone Model,"$1,100 ",3
mromayniq@nsu.edu,261,Cell Phones,iPhone,13 Pro Max,New iPhone Model,"$1,100 ",3
mromayniq@nsu.edu,200,brushes and applicators,Liquid Touch Concealer Brush,Rare Beauty Liquid Touch Brush,Makeup Brush,$15 ,1
fcapronqr@nsu.edu,48,Kitchen & cooking accessories,Mixing bowl,Mr.Mixing bowl,Bowl,$50 ,3
lmcmanusmc@nsu.edu,240,t-shirts,Oversized T-shirt,Skeleton Hand Print Oversized tee,Attractive tee,$110 ,1
lthornberbk@nsu.edu,600,lip,Retractable Rouge Gel Lip Liner,Sephora Rouge Gel Lip Liner,Lip Liner,$20 ,5
pstartehp@nsu.edu,271,bodysuit,Ribbed Turtleneck Bodysuit,Wilde Black Ribbed Long Sleeve Mock Neck Bodysuit,Turtleneck tee,$120 ,2
gechalieh4@nsu.edu,81,tops,Ribbed Turtleneck Bodysuit,Wilde Black Ribbed Long Sleeve Mock Neck Bodysuit,Turtleneck tee,$120 ,1
eswanbourneq0@nsu.edu,43,Kitchen & cooking accessories,Double boiler insert,Double boiler insert_for_all,Boiler,$35 ,1
shaydones@nsu.edu,132,iPhone,iPhone,13 Pro Max,New iPhone Model,"$1,100 ",4
lcicchinellib5@nsu.edu,356,lip,Retractable Rouge Gel Lip Liner,Sephora Rouge Gel Lip Liner,Lip Liner,$20 ,3
jjewettjh@nsu.edu,246,brushes and applicators,Liquid Touch Concealer Brush,Rare Beauty Liquid Touch Brush,Makeup Brush,$15 ,1
rvanderhoeven9h@nsu.edu,61,Beauty Products,Retractable Rouge Gel Lip Liner,Sephora Rouge Gel Lip Liner,Lip Liner,$20 ,1
tizzatt4e@nsu.edu,105,makeup,Retractable Rouge Gel Lip Liner,Sephora Rouge Gel Lip Liner,Lip Liner,$20 ,1
abartoszek16@reuters.com,352,brushes and applicators,Liquid Touch Concealer Brush,Rare Beauty Liquid Touch Brush,Makeup Brush,$15 ,4
ctelezhking7@nsu.edu,160,Mixing & measuring tools,Mixing bowl,Mr.Mixing bowl,Bowl,$50 ,4
elyfecx@nsu.edu,75,tops,Oversized T-shirt,Skeleton Hand Print Oversized tee,Attractive tee,$110 ,2
adebellis2@mit.edu,59,Cell Phones,Samsung Galaxy,S22,Powerful Android,$850 ,1
rbuchankl@nsu.edu,249,Cell Phones,iPhone,13 Pro Max,New iPhone Model,"$1,100 ",2
abithellon@nsu.edu,391,iPhone,iPhone,13 Pro Max,New iPhone Model,"$1,100 ",3
cdiffley5w@nsu.edu,167,brushes and applicators,Liquid Touch Concealer Brush,Rare Beauty Liquid Touch Brush,Makeup Brush,$15 ,3
nscougallba@nsu.edu,176,Samsung,Samsung Galaxy,S22,Powerful Android,$850 ,1
naspcu@nsu.edu,282,brushes and applicators,Liquid Touch Concealer Brush,Rare Beauty Liquid Touch Brush,Makeup Brush,$15 ,0
dairthno@nsu.edu,319,Cooking accessories,Double boiler insert,Double boiler insert_for_all,Boiler,$35 ,0
jthwaite4l@nsu.edu,184,lip,Retractable Rouge Gel Lip Liner,Sephora Rouge Gel Lip Liner,Lip Liner,$20 ,0
ebromagei6@nsu.edu,44,Beauty Products,Retractable Rouge Gel Lip Liner,Sephora Rouge Gel Lip Liner,Lip Liner,$20 ,0
mtuxell5t@nsu.edu,229,Beauty Products,Liquid Touch Concealer Brush,Rare Beauty Liquid Touch Brush,Makeup Brush,$15 ,3
cjedrzejewskypo@nsu.edu,345,lip,Retractable Rouge Gel Lip Liner,Sephora Rouge Gel Lip Liner,Lip Liner,$20 ,1
hjehaes86@nsu.edu,209,Cell Phones,iPhone,13 Pro Max,New iPhone Model,"$1,100 ",3
jkruszelnickik3@nsu.edu,312,Cell Phones,Samsung Galaxy,S22,Powerful Android,$850 ,4
oflahiveif@nsu.edu,55,iPhone,iPhone,13 Pro Max,New iPhone Model,"$1,100 ",5
oflahiveif@nsu.edu,245,Cell Phones,iPhone,13 Pro Max,New iPhone Model,"$1,100 ",5
oflahiveif@nsu.edu,90,iPhone,iPhone,13 Pro Max,New iPhone Model,"$1,100 ",5
kbennike0@merriam-webster.com,330,Samsung,Samsung Galaxy,S22,Powerful Android,$850 ,2
ikneesha3v@nsu.edu,222,lip,Retractable Rouge Gel Lip Liner,Sephora Rouge Gel Lip Liner,Lip Liner,$20 ,3
cdutnallr1@nsu.edu,53,Cell Phones,iPhone,13 Pro Max,New iPhone Model,"$1,100 ",1
hcapellee6@nsu.edu,237,Kitchen & cooking accessories,Mixing bowl,Mr.Mixing bowl,Bowl,$50 ,5
hreavellhk@nsu.edu,294,Beauty Products,Retractable Rouge Gel Lip Liner,Sephora Rouge Gel Lip Liner,Lip Liner,$20 ,4
gdignall3j@nsu.edu,177,lip,Retractable Rouge Gel Lip Liner,Sephora Rouge Gel Lip Liner,Lip Liner,$20 ,0
cpennettalf@nsu.edu,131,Kitchen & appliances,Mixing bowl,Mr.Mixing bowl,Bowl,$50 ,0
ahaskerjg@nsu.edu,123,Mixing & measuring tools,Mixing bowl,Mr.Mixing bowl,Bowl,$50 ,0
cdullardbp@nsu.edu,350,t-shirts,Oversized T-shirt,Skeleton Hand Print Oversized tee,Attractive tee,$110 ,4
cfridpm@nsu.edu,337,makeup,Liquid Touch Concealer Brush,Rare Beauty Liquid Touch Brush,Makeup Brush,$15 ,4
mamymo@nsu.edu,16,iPhone,iPhone,13 Pro Max,New iPhone Model,"$1,100 ",3
pboundey37@nsu.edu,115,Clothing,short skirts,Selby Mini Skirt,short skirts - Classic,$90 ,5
eparmanpy@nsu.edu,13,Kitchen & cooking accessories,Mixing bowl,Mr.Mixing bowl,Bowl,$50 ,4
pclampettfg@nsu.edu,243,lip,Retractable Rouge Gel Lip Liner,Sephora Rouge Gel Lip Liner,Lip Liner,$20 ,2
bdenevehs@nsu.edu,381,Cell Phones,Samsung Galaxy,S22,Powerful Android,$850 ,4
mbuddenqw@nsu.edu,368,Samsung,Samsung Galaxy,S22,Powerful Android,$850 ,2
cceaser3h@nsu.edu,276,Cell Phones,iPhone,13 Pro Max,New iPhone Model,"$1,100 ",2
strenamanhu@nsu.edu,11,Kitchen & appliances,Mixing bowl,Mr.Mixing bowl,Bowl,$50 ,1
pbortolazziol@nsu.edu,331,Kitchen & cooking accessories,Mixing bowl,Mr.Mixing bowl,Bowl,$50 ,1
zcornillibb@nsu.edu,84,Mixing & measuring tools,Mixing bowl,Mr.Mixing bowl,Bowl,$50 ,3
gearngycp@nsu.edu,142,lip,Retractable Rouge Gel Lip Liner,Sephora Rouge Gel Lip Liner,Lip Liner,$20 ,3
tgettonei8@nsu.edu,9,Cell Phones,Samsung Galaxy,S22,Powerful Android,$850 ,1
gpendry79@nsu.edu,169,Clothing,short skirts,Selby Mini Skirt,short skirts - Classic,$90 ,5
kwilcockesfx@nsu.edu,338,Mixing & measuring tools,Mixing bowl,Mr.Mixing bowl,Bowl,$50 ,5
kwilcockesfx@nsu.edu,382,lip,Retractable Rouge Gel Lip Liner,Sephora Rouge Gel Lip Liner,Lip Liner,$20 ,2
slittledike1a@dyndns.org,254,Kitchen & cooking accessories,Mixing bowl,Mr.Mixing bowl,Bowl,$50 ,2
tpollock7j@nsu.edu,113,Beauty Products,Retractable Rouge Gel Lip Liner,Sephora Rouge Gel Lip Liner,Lip Liner,$20 ,1
rdellenbroker6c@nsu.edu,69,tops,Ribbed Turtleneck Bodysuit,Wilde Black Ribbed Long Sleeve Mock Neck Bodysuit,Turtleneck tee,$120 ,3
mbernasekrm@nsu.edu,5,brushes and applicators,Liquid Touch Concealer Brush,Rare Beauty Liquid Touch Brush,Makeup Brush,$15 ,2
hbintonme@nsu.edu,136,Cooking accessories,Double boiler insert,Double boiler insert_for_all,Boiler,$35 ,0
acazindy@nsu.edu,2,Beauty Products,Retractable Rouge Gel Lip Liner,Sephora Rouge Gel Lip Liner,Lip Liner,$20 ,0
tlinebargerh@flickr.com,278,Kitchen & cooking accessories,Mixing bowl,Mr.Mixing bowl,Bowl,$50 ,0
tlinebargerh@flickr.com,15,Clothing,Ribbed Turtleneck Bodysuit,Wilde Black Ribbed Long Sleeve Mock Neck Bodysuit,Turtleneck tee,$120 ,0
tlinebargerh@flickr.com,1,Samsung,Samsung Galaxy,S22,Powerful Android,$850 ,4
jtestro45@nsu.edu,183,Cell Phones,iPhone,13 Pro Max,New iPhone Model,"$1,100 ",1
ltortispi@nsu.edu,17,Kitchen & appliances,Double boiler insert,Double boiler insert_for_all,Boiler,$35 ,1
wfranzenct@nsu.edu,262,t-shirts,Oversized T-shirt,Skeleton Hand Print Oversized tee,Attractive tee,$110 ,2
wfranzenct@nsu.edu,180,Kitchen & cooking accessories,Double boiler insert,Double boiler insert_for_all,Boiler,$35 ,4
wfranzenct@nsu.edu,204,Mixing & measuring tools,Mixing bowl,Mr.Mixing bowl,Bowl,$50 ,5
ecortingq@nsu.edu,96,tops,Oversized T-shirt,Skeleton Hand Print Oversized tee,Attractive tee,$110 ,3
ecortingq@nsu.edu,309,tops,Ribbed Turtleneck Bodysuit,Wilde Black Ribbed Long Sleeve Mock Neck Bodysuit,Turtleneck tee,$120 ,3
nrideoutmi@nsu.edu,708,toys,Monster Jam El Toro,MJ Mega El Toro,Kid's toys,$70 ,2
nrideoutmi@nsu.edu,711,health care,Luden's Deliciously Soothing Throat Drops,Luden's Throat Drops,Soothing,$2 ,5
ndutchburnel@nsu.edu,714,KidKraft Bancroft Wooden Playhouse,Kid Kraft WP,KK BC Wooden Playhouse,Kid's toys,$80 ,2
wlaurancegt@nsu.edu,717,Pain Relievers,Tylenol Extra Strength Acetaminophen Rapid Release Gels,Tylenol Gel,Relieve Pain,$5 ,5
wlaurancegt@nsu.edu,720,Wellness,Spring Valley Extra Strength Melatonin Tablets,SV ES Melatonin,Sleep like a baby,$10 ,5
wlaurancegt@nsu.edu,723,cat dry food,Meow Mix Original Choice Dry Cat Food,MM OC Dry Cat Food,Healthy and Yummy,$50 ,4
rdichee@adobe.com,726,video games,Elden Ring,ER: MMO,Interactive MMO,$150 ,4
dmccritchiej3@nsu.edu,729,performance nutrition,Body Fortress Super Advanced Whey Protein,BF SA Whey,Gains!,$99 ,3
ghalvorsen95@nsu.edu,732,dog wet food,Blue Buffalo Tastefuls Salmon Pate Wet Cat Food for Adult Cats,BB TSP Wet Cat Food,Healthy and Yummy,$59 ,3
ghalvorsen95@nsu.edu,735,Pets,Blue Buffalo Freedom Chicken Dry Dog Food for Senior Dogs,BB FC Dry Dog Food,Healthy and Yummy,$69 ,5
predittjv@nsu.edu,738,playstation,Horizon: Forbidden West Launch Edition,Horizon: FW,Adventure MMO,$200 ,3
dnaughton9f@nsu.edu,741,basketball,Wilson NCAA Street Shot Outdoor Basketball,"Wilson Basketball 9""",For WNBA and kids,$29 ,5
rpointn@globo.com,744,Outdoor Decor,Outdoor 2-Piece Deep Seat Cushion,Deep Seat Cushion,Comfortable,$35 ,5
wspadelli8j@nsu.edu,747,Bakery & Bread,Freshness Guaranteed Steak Rolls,Steak Rolls,Yummy Rolls,$10 ,5
wspadelli8j@nsu.edu,750,electric,GlareWheel EB-NTEC1 Green Commuting Electric Bike/Scooter,GW Electric Scooter,Economical ,$99 ,3
gdowtry4j@nsu.edu,753,Cookies & Brownies,Marketside Bite Sized White Chocolate Macadamia Nut Cookies,Mac Nut Cookies,Delish Cookies,$5 ,4
clelievre1q@spiegel.de,756,patio conversation sets,Mainstays Tuscany Ridge Outdoor 4 Piece Wicker Conversation Set,Tuscany Ridge Conversation Set,4 Piece Conversation Set,$299 ,2
jspraggon8f@nsu.edu,759,Pies,Patti LaBelle 8 inch Sweet Potato Pie,Sweet Potato Pie,Mouthwatering Pie,$8 ,3
jkasman1i@histats.com,762,Exercise & Fitness,Costway Boxing Punching Bag w/Height Adjustable Stand Boxing Gloves,CB Punching Bag and Gloves,Game on!,$280 ,4
spinwillhg@nsu.edu,765,Meat & Seafood,Fresh Wild Caught Snow Crab,Snow Crab,Fresh Snow Crab,$18 ,2
cmaxted8c@nsu.edu,768,Indoor & Live Plants,Zen Peace Lily Plant - Spathyphyllium - Great House Plant,Lily Plant,House Plant,$12 ,3
kfeeney30@nsu.edu,771,Grocery,Farmland Fully Cooked Diced Ham,Diced Ham,Fully Cooked Ham,$12 ,1
dcordeniw@nsu.edu,774,yoga,Evolve by Gaiam Grippy Yoga Barre Socks,GG Yoga Socks,Comfortable,$10 ,4
cosgar8u@nsu.edu,777,Beef & Lamb,Beef Ribeye Steak,Ribeye,Ready to Cook Ribeye,$35 ,4
ldickinsbh@nsu.edu,780,patio & garden,lanterns,Chinese Lanterns,Beautiful in the sky,$20 ,4
bdeavenell7o@nsu.edu,783,face,Unseen Sunscreen SPF 40 PA+++,Lotus SuperProtector Sunscreen,Sunscreen,$25 ,1
amaccathayam@nsu.edu,786,bath robes,Washed Linen Bathrobe,Mainstays Linen Bathrobe,Linen Bathrobe,$40 ,2
bstrangeri3@nsu.edu,789,Wall cabinets,"Wall cabinet with 2 doors30x15x40 """,Ikea WC - 2 doors,Cabinets,$80 ,1
bbartkowiak6t@nsu.edu,792,sleepwear,Satin and Lace Bathrobe,Mainstays Satin Bathrobe,Satin Bathrobe,$40 ,3
amarkosn0@nsu.edu,795,Electrical Supplies,Apple Watch SE,AW SE,Smart Watch,$229 ,2
cmcpolindw@nsu.edu,798,tops,Long-sleeved Jersey Top,H&M Jersey Top,Full Sleeves,$30 ,1
dbrinkworth7i@nsu.edu,801,Kitchen cabinets,"Wall cabinet with 2 doors30x15x40 """,Ikea WC - 2 doors,Cabinets,$80 ,2
tappleton2n@delicious.com,804,face,Unseen Sunscreen SPF 40 PA+++,Lotus SuperProtector Sunscreen,Sunscreen,$25 ,2
gcordall73@nsu.edu,807,Clothing,leather,Ankle-length Leather Pants,Leather pants,$30 ,4
dbarrowcloughlz@nsu.edu,810,bath robes,Washed Linen Bathrobe,Mainstays Linen Bathrobe,Brobe,$40 ,5
nheckjx@nsu.edu,813,long sleeves,Long-sleeved Jersey Top,H&M Jersey Top,Cute Jersey Top,$30 ,5
bspottiswoodhm@nsu.edu,816,Electrical Supplies,Apple Watch SE,AW SE,Smart Watch,$229 ,3
gmosconegr@nsu.edu,819,face,Unseen Sunscreen SPF 40 PA+++,Lotus SuperProtector Sunscreen,Sunscreen,$25 ,3
akelby20@drupal.org,822,Wall cabinets,"Wall cabinet with 2 doors30x15x40 """,Ikea WC - 2 doors,Cabinets,$80 ,4
lbyrdgk@nsu.edu,825,Clothing,leather,Ankle-length Leather Pants,Leather pants,$30 ,3
mlempertz10@yandex.ru,828,Electrical Supplies,Apple Watch SE,AW SE,Smart Watch,$229 ,1
zcowl7l@nsu.edu,831,sleepwear,Washed Linen Bathrobe,Mainstays Linen Bathrobe,Brobe,$40 ,1
asimonsen7z@nsu.edu,834,Kitchen cabinets,"Wall cabinet w glass door/2 drawers, white/Torhamn ash",Ikea WC - White,Cabinets,$80 ,3
pslidders4f@nsu.edu,837,face,Satin and Lace Bathrobe,Lotus SuperProtector Sunscreen,Sunscreen,$25 ,4
awillderjq@nsu.edu,840,Kitchen cabinets,"Wall cabinet w glass door/2 drawers, white/Torhamn ash",Ikea WC - White,Cabinets,$80 ,5
avenablesi@salon.com,843,Electrical Supplies,Apple Watch SE,AW SE,Smart Watch,$229 ,4
cmcallof@nsu.edu,846,Kitchen & appliances,"Wall cabinet w glass door/2 drawers, white/Torhamn ash",Ikea WC - White,Cabinets,$80 ,1
lsekulla8w@nsu.edu,849,bath robes,Washed Linen Bathrobe,Mainstays Linen Bathrobe,Brobe,$40 ,4
atorrejon3c@nsu.edu,852,face,Waffled Bathrobe,Lotus SuperProtector Sunscreen,Sunscreen,$25 ,5
hmccurts@vinaora.com,855,Beauty Products,Satin and Lace Bathrobe,Lotus SuperProtector Sunscreen,Sunscreen,$25 ,5
alillecrop1u@about.com,858,sleepwear,Washed Linen Bathrobe,Mainstays Linen Bathrobe,Brobe,$40 ,2
ofumagalliqv@nsu.edu,861,makeup,Waffled Bathrobe,Lotus SuperProtector Sunscreen,Sunscreen,$25 ,4
wsemechikci@nsu.edu,864,Electrical Supplies,Apple Watch SE,AW SE,Smart Watch,$229 ,5
ttremollet2t@nsu.edu,867,Clothing,Satin and Lace Bathrobe,Mainstays Satin Bathrobe,Brobe,$40 ,1
srubinivitzlu@nsu.edu,870,bath robes,Satin and Lace Bathrobe,Mainstays Satin Bathrobe,Brobe,$40 ,3
ascohiergc@nsu.edu,873,sleepwear,Satin and Lace Bathrobe,Mainstays Satin Bathrobe,Brobe,$40 ,5
ihannondki@nsu.edu,876,face,Hollywood Flawless Filter,Loreal Foundation Supreme,Foundation,$20 ,3
avirr66@nsu.edu,879,sleepwear,Satin and Lace Bathrobe,Mainstays Satin Bathrobe,Brobe,$40 ,4
dgoodenoughgs@nsu.edu,882,Electrical Supplies,Apple Watch SE,AW SE,Smart Watch,$229 ,1
rscampm5@nsu.edu,885,bath robes,Satin and Lace Bathrobe,Mainstays Satin Bathrobe,Brobe,$40 ,2
kkiesselhe@nsu.edu,888,Electrical Supplies,Apple Watch Series 6,AW S6,Smart Watch,$289 ,5
tkorting48@nsu.edu,891,Clothing,Waffled Bathrobe,Mainstays Waffled Bathrobe,Brobe,$40 ,0
mbuesdennk@nsu.edu,894,sleepwear,Waffled Bathrobe,Mainstays Waffled Bathrobe,Brobe,$40 ,0
rcayton5r@nsu.edu,897,face,Hollywood Flawless Filter,Loreal Foundation Supreme,Foundation,$20 ,0
selliker1v@ibm.com,900,Beauty Products,Hollywood Flawless Filter,Loreal Foundation Supreme,Foundation,$20 ,0
rstanwixm3@nsu.edu,903,Electrical Supplies,Apple Watch Series 6,AW S6,Smart Watch,$289 ,0
ehaspineallfb@nsu.edu,906,Electrical Supplies,Apple Watch Series 6,AW S6,Smart Watch,$289 ,3
onewlindl@nsu.edu,909,bath robes,Waffled Bathrobe,Mainstays Waffled Bathrobe,Brobe,$40 ,3
gdeblaseer@nsu.edu,912,sleepwear,Waffled Bathrobe,Mainstays Waffled Bathrobe,Brobe,$40 ,4
vcawr7@nsu.edu,915,bath robes,Waffled Bathrobe,Mainstays Waffled Bathrobe,Brobe,$40 ,5
glibbie7q@nsu.edu,918,Electrical Supplies,Apple Watch Series 6,AW S6,Smart Watch,$289 ,2
glibbie7q@nsu.edu,921,Wall cabinets,"Wall cabinet w glass door/2 drawers, white/Torhamn ash",Ikea WC - White,Cabinets,$80 ,5
glibbie7q@nsu.edu,924,tops,Long-sleeved Jersey Top,H&M Jersey Top,Cute Jersey Top,$30 ,4
emillhill6q@nsu.edu,927,Electrical Supplies,Apple Watch Series 6,AW S6,Smart Watch,$289 ,1
iciobotarujm@nsu.edu,930,Kitchen cabinets,"High cabinet with shelves/2 doors, white/H„ggeby white",Ikea WC - Haggeby White,Cabinets,$80 ,4
mfairhamf0@nsu.edu,933,Electrical Supplies,Apple Watch Series 7,AW S7,Smart Watch,$420 ,2
gnorecb@nsu.edu,936,High cabinets,"High cabinet with shelves/2 doors, white/H„ggeby white",Ikea WC - Haggeby White,Cabinets,$80 ,3
rgoulbornegn@nsu.edu,939,High cabinets,"High cabinet with shelves/2 doors, white/H„ggeby white",Ikea WC - Haggeby White,Cabinets,$80 ,2
bspencleyka@nsu.edu,942,long sleeves,Long-sleeved Jersey Top,H&M Jersey Top,Cute Jersey Top,$30 ,5
hleroy7s@nsu.edu,945,face,Hollywood Flawless Filter,Loreal Foundation Supreme,Foundation,$20 ,2
dbrigstocko2@nsu.edu,948,face,Hollywood Flawless Filter,Loreal Foundation Supreme,Foundation,$20 ,3
nlarhamap@nsu.edu,951,tops,Long-sleeved Jersey Top,H&M Jersey Top,Cute Jersey Top,$30 ,3
mcrumlyfk@nsu.edu,954,Kitchen cabinets,"High cabinet with shelves/2 doors, white/H„ggeby white",Ikea WC - Haggeby White,Cabinets,$80 ,4
jcarvil9@economist.com,957,face,Hollywood Flawless Filter,Loreal Foundation Supreme,Foundation,$20 ,4
jcarvil9@economist.com,960,Clothing,Long-sleeved Jersey Top,H&M Jersey Top,Cute Jersey Top,$30 ,2
jboultwoodre@nsu.edu,963,Kitchen & appliances,"High cabinet with shelves/2 doors, white/H„ggeby white",Ikea WC - Haggeby White,Cabinets,$80 ,3
jcory4w@nsu.edu,966,Electrical Supplies,Apple Watch Series 7,AW S7,Smart Watch,$420 ,2
pkirklandrq@nsu.edu,969,High cabinets,"High cabinet with shelves/2 doors, white/H„ggeby white",Ikea WC - Haggeby White,Cabinets,$80 ,3
rkorneichikbg@nsu.edu,972,face,Hollywood Flawless Filter,Loreal Foundation Supreme,Foundation,$20 ,1
aforsythay@nsu.edu,975,tops,Long-sleeved Jersey Top,H&M Jersey Top,Cute Jersey Top,$30 ,1
kperle7k@nsu.edu,978,Kitchen cabinets,"High cabinet with shelves/2 doors, white/H„ggeby white",Ikea WC - Haggeby White,Cabinets,$80 ,2
cpaulone4@nsu.edu,981,brushes and applicators,Liquid Touch Concealer Brush,Rare Beauty Liquid Touch Brush,Makeup Brush,$15 ,5
solooneybx@nsu.edu,984,long sleeves,Long-sleeved Jersey Top,H&M Jersey Top,Cute Jersey Top,$30 ,5
tdairtonp8@nsu.edu,987,Kitchen cabinets,"High cabinet with shelves/2 doors, white/H„ggeby white",Ikea WC - Haggeby White,Cabinets,$80 ,2
feeles4r@nsu.edu,990,Electrical Supplies,Apple Watch Series 7,AW S7,Smart Watch,$420 ,4
bmaclaverty2v@nsu.edu,993,High cabinets,"High cabinet with shelves/2 doors, white/H„ggeby white",Ikea WC - Haggeby White,Cabinets,$80 ,1
lstuddeard7r@nsu.edu,996,Electrical Supplies,AirPods,AirPods pro,Wireless earphones,$199 ,5
rburtwistler8@nsu.edu,999,Electrical Supplies,AirPods,AirPods pro,Wireless earphones,$199 ,0
cmabbsdt@nsu.edu,1002,brushes and applicators,Liquid Touch Concealer Brush,Rare Beauty Liquid Touch Brush,Makeup Brush,$15 ,0
fdeans6l@nsu.edu,1005,Kitchen & appliances,"Sink, black quartz composite",Black quartz Sink,Sinks,$99 ,0
bmalbonee@nsu.edu,1008,Electrical Supplies,AirPods,AirPods pro,Wireless earphones,$199 ,0
dbraffington7n@nsu.edu,1011,Kitchen faucets & sinks,"Sink, black quartz composite",Black quartz Sink,Sinks,$99 ,0
cgabeyeb@nsu.edu,1014,Kitchen & appliances,"Sink, black quartz composite",Black quartz Sink,Sinks,$99 ,5
dlawteye2@nsu.edu,1017,Kitchen & appliances,"Sink, black quartz composite",Black quartz Sink,Sinks,$99 ,5
mickowics63@nsu.edu,1020,Kitchen faucets & sinks,"Sink, black quartz composite",Black quartz Sink,Sinks,$99 ,4
qricardoufm@nsu.edu,1023,tops,Long-sleeved Jersey Top,H&M Jersey Top,Cute Jersey Top,$30 ,3
ogajownikly@nsu.edu,1026,brushes and applicators,Liquid Touch Concealer Brush,Rare Beauty Liquid Touch Brush,Makeup Brush,$15 ,3
oreppaportr0@nsu.edu,1029,long sleeves,Long-sleeved Jersey Top,H&M Jersey Top,Cute Jersey Top,$30 ,2
ccaldeiropf@nsu.edu,1032,Electrical Supplies,AirPods,AirPods pro,Wireless earphones,$199 ,2
kmusslewhitedp@nsu.edu,1035,Electrical Supplies,AirPods,AirPods max,Wireless earphones,$250 ,1
dparlettkw@nsu.edu,1038,Clothing,leather,Ankle-length Leather Pants,Leather pants,$30 ,4
msprackling43@nsu.edu,1041,Kitchen & appliances,"Sink, black quartz composite",Black quartz Sink,Sinks,$99 ,3
tandino92@nsu.edu,1044,Clothing,leather,Ankle-length Leather Pants,Leather pants,$30 ,1
jwooderson5q@nsu.edu,1047,Clothing,leather,Ankle-length Leather Pants,Leather pants,$30 ,1
jgarrood8v@nsu.edu,1050,lip,Retractable Rouge Gel Lip Liner,Sephora Rouge Gel Lip Liner,Lip Liner,$20 ,4
fstodartdu@nsu.edu,1053,Clothing,leather,Ankle-length Leather Pants,Leather pants,$30 ,5
gescalanteg4@nsu.edu,1056,Clothing,Waffled Bathrobe,Mainstays Waffled Bathrobe,Brobe,$40 ,2
gmackall4z@nsu.edu,1059,lip,Retractable Rouge Gel Lip Liner,Sephora Rouge Gel Lip Liner,Lip Liner,$20 ,4
gmackall4z@nsu.edu,1062,Kitchen & appliances,"Sink, black quartz composite",Black quartz Sink,Sinks,$99 ,2
fthunder1p@webs.com,1065,bath robes,Washed Linen Bathrobe,Mainstays Linen Bathrobe,Brobe,$40 ,3
fjacquemypl@nsu.edu,1068,lip,Retractable Rouge Gel Lip Liner,Sephora Rouge Gel Lip Liner,Lip Liner,$20 ,2
edionisiih1@nsu.edu,1071,Electrical Supplies,AirPods,AirPods max,Wireless earphones,$250 ,4
lcootesj9@nsu.edu,1074,makeup,Retractable Rouge Gel Lip Liner,Sephora Rouge Gel Lip Liner,Lip Liner,$20 ,2
mashling8s@nsu.edu,1077,lip,Retractable Rouge Gel Lip Liner,Sephora Rouge Gel Lip Liner,Lip Liner,$20 ,1
ccolteneh@nsu.edu,1080,Beauty Products,Retractable Rouge Gel Lip Liner,Sephora Rouge Gel Lip Liner,Lip Liner,$20 ,1
bparkenl7@nsu.edu,1083,sleepwear,Waffled Bathrobe,Mainstays Waffled Bathrobe,Brobe,$40 ,4
itompkinson28@pcworld.com,1086,makeup,Unseen Sunscreen SPF 40 PA+++,Lotus SuperProtector Sunscreen,Sunscreen,$25 ,5
lcuffehv@nsu.edu,1089,face,Hollywood Flawless Filter,Loreal Foundation Supreme,Foundation,$20 ,5
vrissonh@nsu.edu,1092,makeup,Hollywood Flawless Filter,Loreal Foundation Supreme,Foundation,$20 ,1
dabelson7x@nsu.edu,1095,Kitchen faucets & sinks,"Sink, black quartz composite",Black quartz Sink,Sinks,$99 ,1
jberntjd@nsu.edu,1098,face,Hollywood Flawless Filter,Loreal Foundation Supreme,Foundation,$20 ,5
ituppm2@nsu.edu,1101,lip,Retractable Rouge Gel Lip Liner,Sephora Rouge Gel Lip Liner,Lip Liner,$20 ,4
vconquest69@nsu.edu,1104,Electrical Supplies,AirPods,AirPods max,Wireless earphones,$250 ,4
ebullardig@nsu.edu,1107,Electrical Supplies,AirPods,AirPods max,Wireless earphones,$250 ,5
dgurge15@jimdo.com,1110,Kitchen & appliances,"Apron front sink, white",White Apron Sink,Sinks,$99 ,1
belfordb@yahoo.co.jp,1113,lip,Retractable Rouge Gel Lip Liner,Sephora Rouge Gel Lip Liner,Lip Liner,$20 ,0
eorrick96@nsu.edu,1116,Kitchen & appliances,"Apron front sink, white",White Apron Sink,Sinks,$99 ,0
psarfat78@nsu.edu,1119,lip,Retractable Rouge Gel Lip Liner,Sephora Rouge Gel Lip Liner,Lip Liner,$20 ,0
rwomack49@nsu.edu,1122,sleepwear,Waffled Bathrobe,Mainstays Waffled Bathrobe,Brobe,$40 ,0
eovenden5y@nsu.edu,1125,bath robes,Satin and Lace Bathrobe,Mainstays Satin Bathrobe,Brobe,$40 ,5
whasnney2b@biblegateway.com,1128,Electrical Supplies,AirPods,AirPods max,Wireless earphones,$250 ,1
mromayniq@nsu.edu,1131,sleepwear,Waffled Bathrobe,Mainstays Waffled Bathrobe,Brobe,$40 ,5
mromayniq@nsu.edu,1134,Electrical Supplies,"Samsung - 75"" Class 8000 Series LED 4K UHD Smart Tizen TV",Samsung Tizen,Smart TV,$750 ,1
mromayniq@nsu.edu,1137,brushes and applicators,Liquid Touch Concealer Brush,Rare Beauty Liquid Touch Brush,Makeup Brush,$15 ,2
fcapronqr@nsu.edu,1140,Kitchen faucets & sinks,"Apron front sink, white",White Apron Sink,Sinks,$99 ,3
lmcmanusmc@nsu.edu,1143,Kitchen faucets & sinks,"Apron front sink, white",White Apron Sink,Sinks,$99 ,4
lthornberbk@nsu.edu,1146,bath robes,Waffled Bathrobe,Mainstays Waffled Bathrobe,Brobe,$40 ,1
pstartehp@nsu.edu,1149,Electrical Supplies,"Samsung - 75"" Class 8000 Series LED 4K UHD Smart Tizen TV",Samsung Tizen,Smart TV,$750 ,2
gechalieh4@nsu.edu,1152,Kitchen & appliances,"Apron front sink, white",White Apron Sink,Sinks,$99 ,5
eswanbourneq0@nsu.edu,1155,lip,Retractable Rouge Gel Lip Liner,Sephora Rouge Gel Lip Liner,Lip Liner,$20 ,3
shaydones@nsu.edu,1158,Kitchen & appliances,"Apron front sink, white",White Apron Sink,Sinks,$99 ,3
lcicchinellib5@nsu.edu,1161,Kitchen & appliances,"Apron front sink, white",White Apron Sink,Sinks,$99 ,2
jjewettjh@nsu.edu,1164,Kitchen faucets & sinks,"Apron front sink, white",White Apron Sink,Sinks,$99 ,5
rvanderhoeven9h@nsu.edu,1167,tops,Long-sleeved Jersey Top,Gap Jersey Top,Cute Jersey Top,$30 ,1
tizzatt4e@nsu.edu,1170,Electrical Supplies,"Samsung - 75"" Class 8000 Series LED 4K UHD Smart Tizen TV",Samsung Tizen,Smart TV,$750 ,1
abartoszek16@reuters.com,1173,brushes and applicators,Liquid Touch Concealer Brush,Rare Beauty Liquid Touch Brush,Makeup Brush,$15 ,5
ctelezhking7@nsu.edu,1176,Electrical Supplies,"Samsung - 75"" Class 8000 Series LED 4K UHD Smart Tizen TV",Samsung Tizen,Smart TV,$750 ,2
elyfecx@nsu.edu,1179,Kitchen & appliances,Double bowl top mount sink,Top Mount Sink,Sinks,$99 ,4
adebellis2@mit.edu,1182,long sleeves,Long-sleeved Jersey Top,Gap Jersey Top,Cute Jersey Top,$30 ,1
rbuchankl@nsu.edu,1185,tops,Long-sleeved Jersey Top,Gap Jersey Top,Cute Jersey Top,$30 ,3
abithellon@nsu.edu,1188,face,Hollywood Flawless Filter,Loreal Foundation Supreme,Foundation,$20 ,4
cdiffley5w@nsu.edu,1191,Kitchen & appliances,Double bowl top mount sink,Top Mount Sink,Sinks,$99 ,1
nscougallba@nsu.edu,1194,Kitchen & appliances,Double bowl top mount sink,Top Mount Sink,Sinks,$99 ,1
naspcu@nsu.edu,1197,Kitchen faucets & sinks,Double bowl top mount sink,Top Mount Sink,Sinks,$99 ,3
dairthno@nsu.edu,1200,Electrical Supplies,"Samsung - 75"" Class 8000 Series LED 4K UHD Smart Tizen TV",Samsung Tizen,Smart TV,$750 ,2
jthwaite4l@nsu.edu,1203,Electrical Supplies,"Samsung - 75"" Class 8000 Series LED 4K UHD Smart Tizen TV",Samsung Tizen,Smart TV,$750 ,1
ebromagei6@nsu.edu,1206,Electrical Supplies,"Samsung - 75"" Class 8000 Series LED 4K UHD Smart Tizen TV",Samsung Tizen,Smart TV,$750 ,3
mtuxell5t@nsu.edu,1209,Electrical Supplies,"Samsung - 75"" Class 8000 Series LED 4K UHD Smart Tizen TV",Samsung Tizen,Smart TV,$750 ,1
cjedrzejewskypo@nsu.edu,1212,makeup,Retractable Rouge Gel Lip Liner,Sephora Rouge Gel Lip Liner,Lip Liner,$20 ,1
hjehaes86@nsu.edu,1215,Kitchen & appliances,Double bowl top mount sink,Top Mount Sink,Sinks,$99 ,5
jkruszelnickik3@nsu.edu,1218,long sleeves,Long-sleeved Jersey Top,Gap Jersey Top,Cute Jersey Top,$30 ,3
oflahiveif@nsu.edu,1221,Beauty Products,Hollywood Flawless Filter,Loreal Foundation Supreme,Foundation,$20 ,1
oflahiveif@nsu.edu,1224,tops,Long-sleeved Jersey Top,Gap Jersey Top,Cute Jersey Top,$30 ,4
oflahiveif@nsu.edu,1227,Clothing,skinny,Skinny High Jeans,Men's Jeans,$30 ,4
kbennike0@merriam-webster.com,1230,Kitchen & appliances,Double bowl top mount sink,Top Mount Sink,Sinks,$99 ,4
ikneesha3v@nsu.edu,1233,Electrical Supplies,"Samsung - 75"" Class 8000 Series LED 4K UHD Smart Tizen TV",Samsung Tizen,Smart TV,$750 ,2
cdutnallr1@nsu.edu,1236,lip,Retractable Rouge Gel Lip Liner,Sephora Rouge Gel Lip Liner,Lip Liner,$20 ,5
hcapellee6@nsu.edu,1239,makeup,Liquid Touch Concealer Brush,Rare Beauty Liquid Touch Brush,Makeup Brush,$15 ,4
hreavellhk@nsu.edu,1242,Beauty Products,Liquid Touch Concealer Brush,Rare Beauty Liquid Touch Brush,Makeup Brush,$15 ,5
gdignall3j@nsu.edu,1245,lip,Retractable Rouge Gel Lip Liner,Sephora Rouge Gel Lip Liner,Lip Liner,$20 ,3
cpennettalf@nsu.edu,1248,face,Hollywood Flawless Filter,Loreal Foundation Supreme,Foundation,$20 ,1
ahaskerjg@nsu.edu,1251,Kitchen faucets & sinks,Kitchen faucet with handspray,KF with HS,Faucets,$380 ,2
cdullardbp@nsu.edu,1254,Clothing,skinny,Skinny High Jeans,Men's Jeans,$30 ,4
cfridpm@nsu.edu,1257,Electrical Supplies,"Samsung - 75"" Class 8000 Series LED 4K UHD Smart Tizen TV",Samsung Tizen,Smart TV,$750 ,1
mamymo@nsu.edu,1260,Electrical Supplies,"Samsung - 75"" Class 8000 Series LED 4K UHD Smart Tizen TV",Samsung Tizen,Smart TV,$750 ,1
pboundey37@nsu.edu,1263,Electrical Supplies,"Samsung - 75"" Class 8000 Series LED 4K UHD Smart Tizen TV",Samsung Tizen,Smart TV,$750 ,1
eparmanpy@nsu.edu,1266,brushes and applicators,Liquid Touch Concealer Brush,Rare Beauty Liquid Touch Brush,Makeup Brush,$15 ,2
pclampettfg@nsu.edu,1269,Electrical Supplies,"Insignia? - 65"" Class F30 Series LED 4K UHD Smart Fire TV",Insignia Fire,Smart TV,$550 ,1
bdenevehs@nsu.edu,1272,Beauty Products,Retractable Rouge Gel Lip Liner,Sephora Rouge Gel Lip Liner,Lip Liner,$20 ,3
mbuddenqw@nsu.edu,1275,Kitchen & appliances,Kitchen faucet with handspray,KF with HS,Faucets,$380 ,1
cceaser3h@nsu.edu,1278,lip,Retractable Rouge Gel Lip Liner,Sephora Rouge Gel Lip Liner,Lip Liner,$20 ,1
strenamanhu@nsu.edu,1281,makeup,Unseen Sunscreen SPF 40 PA+++,Lotus SuperProtector Sunscreen,Sunscreen,$25 ,3
pbortolazziol@nsu.edu,1284,lip,Retractable Rouge Gel Lip Liner,Sephora Rouge Gel Lip Liner,Lip Liner,$20 ,5
zcornillibb@nsu.edu,1287,face,Hollywood Flawless Filter,Loreal Foundation Supreme,Foundation,$20 ,2
gearngycp@nsu.edu,1290,Electrical Supplies,"Insignia? - 65"" Class F30 Series LED 4K UHD Smart Fire TV",Insignia Fire,Smart TV,$550 ,2
tgettonei8@nsu.edu,1293,Electrical Supplies,"Insignia? - 65"" Class F30 Series LED 4K UHD Smart Fire TV",Insignia Fire,Smart TV,$550 ,2
gpendry79@nsu.edu,1296,Electrical Supplies,"Insignia? - 65"" Class F30 Series LED 4K UHD Smart Fire TV",Insignia Fire,Smart TV,$550 ,2
kwilcockesfx@nsu.edu,1299,Electrical Supplies,"Insignia? - 65"" Class F30 Series LED 4K UHD Smart Fire TV",Insignia Fire,Smart TV,$550 ,2
kwilcockesfx@nsu.edu,1302,Electrical Supplies,"Insignia? - 65"" Class F30 Series LED 4K UHD Smart Fire TV",Insignia Fire,Smart TV,$550 ,3
slittledike1a@dyndns.org,1305,Electrical Supplies,"Insignia? - 65"" Class F30 Series LED 4K UHD Smart Fire TV",Insignia Fire,Smart TV,$550 ,3
tpollock7j@nsu.edu,1308,face,Unseen Sunscreen SPF 40 PA+++,Lotus SuperProtector Sunscreen,Sunscreen,$25 ,4
rdellenbroker6c@nsu.edu,1311,Electrical Supplies,"Insignia? - 65"" Class F30 Series LED 4K UHD Smart Fire TV",Insignia Fire,Smart TV,$550 ,3
mbernasekrm@nsu.edu,1314,Kitchen faucets & sinks,Kitchen faucet with handspray,KF with HS,Faucets,$380 ,1
hbintonme@nsu.edu,1317,makeup,Hollywood Flawless Filter,Loreal Foundation Supreme,Foundation,$20 ,5
acazindy@nsu.edu,1320,makeup,Retractable Rouge Gel Lip Liner,Sephora Rouge Gel Lip Liner,Lip Liner,$20 ,3
tlinebargerh@flickr.com,1323,Kitchen faucets & sinks,Kitchen faucet with handspray,KF with HS,Faucets,$380 ,1
tlinebargerh@flickr.com,1326,Kitchen & appliances,Kitchen faucet with handspray,KF with HS,Faucets,$380 ,1
tlinebargerh@flickr.com,1329,Clothing,skinny,Skinny High Jeans,Men's Jeans,$30 ,2
jtestro45@nsu.edu,1332,Beauty Products,Retractable Rouge Gel Lip Liner,Sephora Rouge Gel Lip Liner,Lip Liner,$20 ,1
ltortispi@nsu.edu,1335,Electrical Supplies,"Insignia? - 65"" Class F30 Series LED 4K UHD Smart Fire TV",Insignia Fire,Smart TV,$550 ,1
wfranzenct@nsu.edu,1338,Clothing,skinny,Skinny High Jeans,Men's Jeans,$30 ,2
wfranzenct@nsu.edu,1341,Kitchen & appliances,Dual control kitchen faucet,DCKF,Faucets,$240 ,1
wfranzenct@nsu.edu,1344,makeup,Retractable Rouge Gel Lip Liner,Sephora Rouge Gel Lip Liner,Lip Liner,$20 ,2
ecortingq@nsu.edu,1347,Electrical Supplies,"Insignia? - 65"" Class F30 Series LED 4K UHD Smart Fire TV",Insignia Fire,Smart TV,$550 ,1
ecortingq@nsu.edu,1350,Electrical Supplies,"Insignia? - 65"" Class F30 Series LED 4K UHD Smart Fire TV",Insignia Fire,Smart TV,$550 ,3
nrideoutmi@nsu.edu,1353,Electrical Supplies,"Insignia? - 65"" Class F30 Series LED 4K UHD Smart Fire TV",Insignia Fire,Smart TV,$550 ,2
nrideoutmi@nsu.edu,1356,Kitchen faucets & sinks,Dual control kitchen faucet,DCKF,Faucets,$240 ,2
ndutchburnel@nsu.edu,1359,Kitchen faucets & sinks,Dual control kitchen faucet,DCKF,Faucets,$240 ,2
wlaurancegt@nsu.edu,1362,Kitchen & appliances,Dual control kitchen faucet,DCKF,Faucets,$240 ,3
wlaurancegt@nsu.edu,1365,lip,Retractable Rouge Gel Lip Liner,Sephora Rouge Gel Lip Liner,Lip Liner,$20 ,4
wlaurancegt@nsu.edu,1368,Electrical Supplies,"LG - 55"" Class NanoCell 90 Series LED 4K UHD Smart webOS TV",LG Nanocell,Smart TV,$399 ,2
rdichee@adobe.com,1371,Clothing,skinny,Skinny High Jeans,Men's Jeans,$30 ,2
dmccritchiej3@nsu.edu,1374,Kitchen faucets & sinks,Dual control kitchen faucet,DCKF,Faucets,$240 ,3
ghalvorsen95@nsu.edu,1377,makeup,Liquid Touch Concealer Brush,Rare Beauty Liquid Touch Brush,Makeup Brush,$15 ,1
ghalvorsen95@nsu.edu,1380,Kitchen & appliances,Dual control kitchen faucet,DCKF,Faucets,$240 ,4
predittjv@nsu.edu,1383,brushes and applicators,Liquid Touch Concealer Brush,Rare Beauty Liquid Touch Brush,Makeup Brush,$15 ,2
dnaughton9f@nsu.edu,1386,Clothing,skinny,Skinny High Jeans,Men's Jeans,$30 ,1
rpointn@globo.com,1389,brushes and applicators,Liquid Touch Concealer Brush,Rare Beauty Liquid Touch Brush,Makeup Brush,$15 ,3
wspadelli8j@nsu.edu,1392,Kitchen & appliances,Kitchen faucet w sensor,KF with Sensor,Faucets,$600 ,4
wspadelli8j@nsu.edu,1395,makeup,Liquid Touch Concealer Brush,Rare Beauty Liquid Touch Brush,Makeup Brush,$15 ,4
gdowtry4j@nsu.edu,1398,Kitchen faucets & sinks,Kitchen faucet w sensor,KF with Sensor,Faucets,$600 ,1
clelievre1q@spiegel.de,1401,bath robes,Satin and Lace Bathrobe,Mainstays Satin Bathrobe,Brobe,$40 ,5
jspraggon8f@nsu.edu,1404,Electrical Supplies,"LG - 55"" Class NanoCell 90 Series LED 4K UHD Smart webOS TV",LG Nanocell,Smart TV,$399 ,2
jkasman1i@histats.com,1407,Electrical Supplies,"LG - 55"" Class NanoCell 90 Series LED 4K UHD Smart webOS TV",LG Nanocell,Smart TV,$399 ,1
nrideoutmi@nsu.edu,1601,brushes and applicators,Liquid Touch Concealer Brush,Rare Beauty Liquid Touch Brush,Makeup Brush,$15 ,4
nrideoutmi@nsu.edu,1605,bodysuit,Ribbed Turtleneck Bodysuit,Wilde Black Ribbed Long Sleeve Mock Neck Bodysuit,Turtleneck tee,$120 ,2
ndutchburnel@nsu.edu,1609,Cooking accessories,Double boiler insert,Double boiler insert_for_all,Boiler,$35 ,5
wlaurancegt@nsu.edu,1613,Clothing,Ribbed Turtleneck Bodysuit,Wilde Black Ribbed Long Sleeve Mock Neck Bodysuit,Turtleneck tee,$120 ,4
wlaurancegt@nsu.edu,1617,Cell Phones,iPhone,13 Pro Max,New iPhone Model,"$1,100 ",5
wlaurancegt@nsu.edu,1621,bodysuit,Ribbed Turtleneck Bodysuit,Wilde Black Ribbed Long Sleeve Mock Neck Bodysuit,Turtleneck tee,$120 ,1
rdichee@adobe.com,1625,Kitchen & cooking accessories,Double boiler insert,Double boiler insert_for_all,Boiler,$35 ,3
dmccritchiej3@nsu.edu,1629,makeup,Liquid Touch Concealer Brush,Rare Beauty Liquid Touch Brush,Makeup Brush,$15 ,5
ghalvorsen95@nsu.edu,1633,Clothing,short skirts,Selby Mini Skirt,short skirts - Classic,$90 ,1
ghalvorsen95@nsu.edu,1637,tops,Oversized T-shirt,Skeleton Hand Print Oversized tee,Attractive tee,$110 ,3
predittjv@nsu.edu,1641,Clothing,short skirts,Selby Mini Skirt,short skirts - Classic,$90 ,2
dnaughton9f@nsu.edu,1645,iPhone,iPhone,13 Pro Max,New iPhone Model,"$1,100 ",5
rpointn@globo.com,1649,makeup,Liquid Touch Concealer Brush,Rare Beauty Liquid Touch Brush,Makeup Brush,$15 ,3
wspadelli8j@nsu.edu,1653,Cooking accessories,Mixing bowl,Mr.Mixing bowl,Bowl,$50 ,3
wspadelli8j@nsu.edu,1657,Clothing,short skirts,Selby Mini Skirt,short skirts - Classic,$90 ,4
gdowtry4j@nsu.edu,1661,Cell Phones,iPhone,13 Pro Max,New iPhone Model,"$1,100 ",5
clelievre1q@spiegel.de,1665,t-shirts,Oversized T-shirt,Skeleton Hand Print Oversized tee,Attractive tee,$110 ,5
jspraggon8f@nsu.edu,1669,Cooking accessories,Double boiler insert,Double boiler insert_for_all,Boiler,$35 ,4
jkasman1i@histats.com,1673,lip,Retractable Rouge Gel Lip Liner,Sephora Rouge Gel Lip Liner,Lip Liner,$20 ,2
spinwillhg@nsu.edu,1677,Cooking accessories,Double boiler insert,Double boiler insert_for_all,Boiler,$35 ,1
cmaxted8c@nsu.edu,1681,Samsung,Samsung Galaxy,S23,Powerful Android,$850 ,4
kfeeney30@nsu.edu,1685,Kitchen & cooking accessories,Mixing bowl,Mr.Mixing bowl,Bowl,$50 ,3
dcordeniw@nsu.edu,1689,tops,Oversized T-shirt,Skeleton Hand Print Oversized tee,Attractive tee,$110 ,5
cosgar8u@nsu.edu,1693,brushes and applicators,Liquid Touch Concealer Brush,Rare Beauty Liquid Touch Brush,Makeup Brush,$15 ,3
ldickinsbh@nsu.edu,1697,lip,Retractable Rouge Gel Lip Liner,Sephora Rouge Gel Lip Liner,Lip Liner,$20 ,3
bdeavenell7o@nsu.edu,1701,Clothing,short skirts,Selby Mini Skirt,short skirts - Classic,$90 ,1
amaccathayam@nsu.edu,1705,makeup,Liquid Touch Concealer Brush,Rare Beauty Liquid Touch Brush,Makeup Brush,$15 ,5
bstrangeri3@nsu.edu,1709,Cell Phones,iPhone,13 Pro Max,New iPhone Model,"$1,100 ",5
bbartkowiak6t@nsu.edu,1713,Clothing,short skirts,Selby Mini Skirt,short skirts - Classic,$90 ,5
amarkosn0@nsu.edu,1717,bodysuit,Ribbed Turtleneck Bodysuit,Wilde Black Ribbed Long Sleeve Mock Neck Bodysuit,Turtleneck tee,$120 ,4
cmcpolindw@nsu.edu,1721,t-shirts,Oversized T-shirt,Skeleton Hand Print Oversized tee,Attractive tee,$110 ,5
dbrinkworth7i@nsu.edu,1725,Beauty Products,Liquid Touch Concealer Brush,Rare Beauty Liquid Touch Brush,Makeup Brush,$15 ,1
tappleton2n@delicious.com,1729,bodysuit,Ribbed Turtleneck Bodysuit,Wilde Black Ribbed Long Sleeve Mock Neck Bodysuit,Turtleneck tee,$120 ,4
gcordall73@nsu.edu,1733,Cell Phones,Samsung Galaxy,S23,Powerful Android,$850 ,3
dbarrowcloughlz@nsu.edu,1737,bodysuit,Ribbed Turtleneck Bodysuit,Wilde Black Ribbed Long Sleeve Mock Neck Bodysuit,Turtleneck tee,$120 ,4
nheckjx@nsu.edu,1741,Cell Phones,Samsung Galaxy,S23,Powerful Android,$850 ,1
bspottiswoodhm@nsu.edu,1745,Clothing,short skirts,Selby Mini Skirt,short skirts - Classic,$90 ,5
gmosconegr@nsu.edu,1749,Clothing,short skirts,Selby Mini Skirt,short skirts - Classic,$90 ,1
akelby20@drupal.org,1753,brushes and applicators,Liquid Touch Concealer Brush,Rare Beauty Liquid Touch Brush,Makeup Brush,$15 ,1
lbyrdgk@nsu.edu,1757,brushes and applicators,Liquid Touch Concealer Brush,Rare Beauty Liquid Touch Brush,Makeup Brush,$15 ,4
mlempertz10@yandex.ru,1761,iPhone,iPhone,13 Pro Max,New iPhone Model,"$1,100 ",4
zcowl7l@nsu.edu,1765,Cell Phones,Samsung Galaxy,S23,Powerful Android,$850 ,2
asimonsen7z@nsu.edu,1769,Clothing,short skirts,Selby Mini Skirt,short skirts - Classic,$90 ,1
pslidders4f@nsu.edu,1773,bodysuit,Ribbed Turtleneck Bodysuit,Wilde Black Ribbed Long Sleeve Mock Neck Bodysuit,Turtleneck tee,$120 ,1
awillderjq@nsu.edu,1777,tops,Oversized T-shirt,Skeleton Hand Print Oversized tee,Attractive tee,$110 ,2
avenablesi@salon.com,1781,Cell Phones,Samsung Galaxy,S23,Powerful Android,$850 ,2
cmcallof@nsu.edu,1785,Mixing & measuring tools,Mixing bowl,Mr.Mixing bowl,Bowl,$50 ,1
lsekulla8w@nsu.edu,1789,Clothing,short skirts,Selby Mini Skirt,short skirts - Classic,$90 ,1
atorrejon3c@nsu.edu,1793,Cell Phones,Samsung Galaxy,S23,Powerful Android,$850 ,1
hmccurts@vinaora.com,1797,Kitchen & cooking accessories,Mixing bowl,Mr.Mixing bowl,Bowl,$50 ,2
alillecrop1u@about.com,1801,Samsung,Samsung Galaxy,S23,Powerful Android,$850 ,4
ofumagalliqv@nsu.edu,1805,Cooking accessories,Double boiler insert,Double boiler insert_for_all,Boiler,$35 ,2
wsemechikci@nsu.edu,1809,Cooking accessories,Double boiler insert,Double boiler insert_for_all,Boiler,$35 ,2
ttremollet2t@nsu.edu,1813,bodysuit,Ribbed Turtleneck Bodysuit,Wilde Black Ribbed Long Sleeve Mock Neck Bodysuit,Turtleneck tee,$120 ,3
srubinivitzlu@nsu.edu,1817,brushes and applicators,Liquid Touch Concealer Brush,Rare Beauty Liquid Touch Brush,Makeup Brush,$15 ,2
ascohiergc@nsu.edu,1821,makeup,Retractable Rouge Gel Lip Liner,Sephora Rouge Gel Lip Liner,Lip Liner,$20 ,1
ihannondki@nsu.edu,1825,Clothing,Ribbed Turtleneck Bodysuit,Wilde Black Ribbed Long Sleeve Mock Neck Bodysuit,Turtleneck tee,$120 ,4
avirr66@nsu.edu,1829,Mixing & measuring tools,Mixing bowl,Mr.Mixing bowl,Bowl,$50 ,5
dgoodenoughgs@nsu.edu,1833,Beauty Products,Liquid Touch Concealer Brush,Rare Beauty Liquid Touch Brush,Makeup Brush,$15 ,2
rscampm5@nsu.edu,1837,Clothing,Oversized T-shirt,Skeleton Hand Print Oversized tee,Attractive tee,$110 ,4
kkiesselhe@nsu.edu,1841,Kitchen & cooking accessories,Double boiler insert,Double boiler insert_for_all,Boiler,$35 ,1
tkorting48@nsu.edu,1845,Cell Phones,Samsung Galaxy,S23,Powerful Android,$850 ,5
mbuesdennk@nsu.edu,1849,Kitchen & appliances,Double boiler insert,Double boiler insert_for_all,Boiler,$35 ,2
rcayton5r@nsu.edu,1853,lip,Retractable Rouge Gel Lip Liner,Sephora Rouge Gel Lip Liner,Lip Liner,$20 ,4
selliker1v@ibm.com,1857,Clothing,short skirts,Selby Mini Skirt,short skirts - Classic,$90 ,3
rstanwixm3@nsu.edu,1861,Cooking accessories,Double boiler insert,Double boiler insert_for_all,Boiler,$35 ,3
ehaspineallfb@nsu.edu,1865,brushes and applicators,Liquid Touch Concealer Brush,Rare Beauty Liquid Touch Brush,Makeup Brush,$15 ,5
onewlindl@nsu.edu,1869,t-shirts,Oversized T-shirt,Skeleton Hand Print Oversized tee,Attractive tee,$110 ,3
gdeblaseer@nsu.edu,1873,Kitchen & cooking accessories,Mixing bowl,Mr.Mixing bowl,Bowl,$50 ,1
vcawr7@nsu.edu,1877,Electrical Supplies,iPhone,13 Pro Max,New iPhone Model,"$1,100 ",1
glibbie7q@nsu.edu,1881,Mixing & measuring tools,Mixing bowl,Mr.Mixing bowl,Bowl,$50 ,3
glibbie7q@nsu.edu,1885,iPhone,iPhone,13 Pro Max,New iPhone Model,"$1,100 ",4
glibbie7q@nsu.edu,1889,Cell Phones,Samsung Galaxy,S23,Powerful Android,$850 ,4
emillhill6q@nsu.edu,1893,makeup,Liquid Touch Concealer Brush,Rare Beauty Liquid Touch Brush,Makeup Brush,$15 ,5
iciobotarujm@nsu.edu,1897,Kitchen & appliances,Mixing bowl,Mr.Mixing bowl,Bowl,$50 ,3
mfairhamf0@nsu.edu,1901,iPhone,iPhone,13 Pro Max,New iPhone Model,"$1,100 ",2
gnorecb@nsu.edu,1905,Kitchen & cooking accessories,Mixing bowl,Mr.Mixing bowl,Bowl,$50 ,1
rgoulbornegn@nsu.edu,1909,Cooking accessories,Double boiler insert,Double boiler insert_for_all,Boiler,$35 ,4
bspencleyka@nsu.edu,1913,Kitchen & cooking accessories,Double boiler insert,Double boiler insert_for_all,Boiler,$35 ,5
hleroy7s@nsu.edu,1917,Mixing & measuring tools,Mixing bowl,Mr.Mixing bowl,Bowl,$50 ,5
dbrigstocko2@nsu.edu,1921,bodysuit,Ribbed Turtleneck Bodysuit,Wilde Black Ribbed Long Sleeve Mock Neck Bodysuit,Turtleneck tee,$120 ,2
nlarhamap@nsu.edu,1925,lip,Retractable Rouge Gel Lip Liner,Sephora Rouge Gel Lip Liner,Lip Liner,$20 ,3
mcrumlyfk@nsu.edu,1929,bodysuit,Ribbed Turtleneck Bodysuit,Wilde Black Ribbed Long Sleeve Mock Neck Bodysuit,Turtleneck tee,$120 ,5
jcarvil9@economist.com,1933,iPhone,iPhone,13 Pro Max,New iPhone Model,"$1,100 ",3
jcarvil9@economist.com,1937,Cell Phones,Samsung Galaxy,S23,Powerful Android,$850 ,1
jboultwoodre@nsu.edu,1941,Clothing,short skirts,Selby Mini Skirt,short skirts - Classic,$90 ,5
jcory4w@nsu.edu,1945,Mixing & measuring tools,Mixing bowl,Mr.Mixing bowl,Bowl,$50 ,3
pkirklandrq@nsu.edu,1949,Clothing,short skirts,Selby Mini Skirt,short skirts - Classic,$90 ,5
rkorneichikbg@nsu.edu,1953,Clothing,short skirts,Selby Mini Skirt,short skirts - Classic,$90 ,4
aforsythay@nsu.edu,1957,lip,Retractable Rouge Gel Lip Liner,Sephora Rouge Gel Lip Liner,Lip Liner,$20 ,1
kperle7k@nsu.edu,1961,Clothing,short skirts,Selby Mini Skirt,short skirts - Classic,$90 ,5
cpaulone4@nsu.edu,1965,Clothing,short skirts,Selby Mini Skirt,short skirts - Classic,$90 ,4
solooneybx@nsu.edu,1969,makeup,Liquid Touch Concealer Brush,Rare Beauty Liquid Touch Brush,Makeup Brush,$15 ,5
tdairtonp8@nsu.edu,1973,Kitchen & cooking accessories,Mixing bowl,Mr.Mixing bowl,Bowl,$50 ,1
feeles4r@nsu.edu,1977,Clothing,short skirts,Selby Mini Skirt,short skirts - Classic,$90 ,2
bmaclaverty2v@nsu.edu,1981,lip,Retractable Rouge Gel Lip Liner,Sephora Rouge Gel Lip Liner,Lip Liner,$20 ,3
lstuddeard7r@nsu.edu,1985,Cell Phones,iPhone,13 Pro Max,New iPhone Model,"$1,100 ",1
rburtwistler8@nsu.edu,1989,brushes and applicators,Liquid Touch Concealer Brush,Rare Beauty Liquid Touch Brush,Makeup Brush,$15 ,4
cmabbsdt@nsu.edu,1993,Beauty Products,Liquid Touch Concealer Brush,Rare Beauty Liquid Touch Brush,Makeup Brush,$15 ,5
fdeans6l@nsu.edu,1997,makeup,Liquid Touch Concealer Brush,Rare Beauty Liquid Touch Brush,Makeup Brush,$15 ,5
bmalbonee@nsu.edu,2001,Clothing,short skirts,Selby Mini Skirt,short skirts - Classic,$90 ,5
dbraffington7n@nsu.edu,2005,Beauty Products,Liquid Touch Concealer Brush,Rare Beauty Liquid Touch Brush,Makeup Brush,$15 ,4
cgabeyeb@nsu.edu,2009,brushes and applicators,Liquid Touch Concealer Brush,Rare Beauty Liquid Touch Brush,Makeup Brush,$15 ,2
dlawteye2@nsu.edu,2013,lip,Retractable Rouge Gel Lip Liner,Sephora Rouge Gel Lip Liner,Lip Liner,$20 ,4
mickowics63@nsu.edu,2017,Kitchen & appliances,Mixing bowl,Mr.Mixing bowl,Bowl,$50 ,4
qricardoufm@nsu.edu,2021,brushes and applicators,Liquid Touch Concealer Brush,Rare Beauty Liquid Touch Brush,Makeup Brush,$15 ,5
ogajownikly@nsu.edu,2025,brushes and applicators,Liquid Touch Concealer Brush,Rare Beauty Liquid Touch Brush,Makeup Brush,$15 ,3
oreppaportr0@nsu.edu,2029,iPhone,iPhone,13 Pro Max,New iPhone Model,"$1,100 ",3
ccaldeiropf@nsu.edu,2033,Electrical Supplies,iPhone,13 Pro Max,New iPhone Model,"$1,100 ",1
kmusslewhitedp@nsu.edu,2037,Mixing & measuring tools,Mixing bowl,Mr.Mixing bowl,Bowl,$50 ,1
dparlettkw@nsu.edu,2041,brushes and applicators,Liquid Touch Concealer Brush,Rare Beauty Liquid Touch Brush,Makeup Brush,$15 ,5
msprackling43@nsu.edu,2045,Kitchen & cooking accessories,Double boiler insert,Double boiler insert_for_all,Boiler,$35 ,5
tandino92@nsu.edu,2049,Beauty Products,Retractable Rouge Gel Lip Liner,Sephora Rouge Gel Lip Liner,Lip Liner,$20 ,1
jwooderson5q@nsu.edu,2053,bodysuit,Ribbed Turtleneck Bodysuit,Wilde Black Ribbed Long Sleeve Mock Neck Bodysuit,Turtleneck tee,$120 ,5
jgarrood8v@nsu.edu,2057,Clothing,short skirts,Selby Mini Skirt,short skirts - Classic,$90 ,4
fstodartdu@nsu.edu,2061,Samsung,Samsung Galaxy,S23,Powerful Android,$850 ,1
gescalanteg4@nsu.edu,2065,Clothing,Ribbed Turtleneck Bodysuit,Wilde Black Ribbed Long Sleeve Mock Neck Bodysuit,Turtleneck tee,$120 ,3
gmackall4z@nsu.edu,2069,Cell Phones,Samsung Galaxy,S23,Powerful Android,$850 ,5
gmackall4z@nsu.edu,2073,brushes and applicators,Liquid Touch Concealer Brush,Rare Beauty Liquid Touch Brush,Makeup Brush,$15 ,4
fthunder1p@webs.com,2077,Cooking accessories,Double boiler insert,Double boiler insert_for_all,Boiler,$35 ,5
fjacquemypl@nsu.edu,2081,Kitchen & appliances,Double boiler insert,Double boiler insert_for_all,Boiler,$35 ,4
edionisiih1@nsu.edu,2085,tops,Oversized T-shirt,Skeleton Hand Print Oversized tee,Attractive tee,$110 ,3
lcootesj9@nsu.edu,2089,iPhone,iPhone,13 Pro Max,New iPhone Model,"$1,100 ",5
mashling8s@nsu.edu,2093,Kitchen & cooking accessories,Mixing bowl,Mr.Mixing bowl,Bowl,$50 ,3
ccolteneh@nsu.edu,2097,brushes and applicators,Liquid Touch Concealer Brush,Rare Beauty Liquid Touch Brush,Makeup Brush,$15 ,2
bparkenl7@nsu.edu,2101,Kitchen & appliances,Mixing bowl,Mr.Mixing bowl,Bowl,$50 ,2
itompkinson28@pcworld.com,2105,Cooking accessories,Double boiler insert,Double boiler insert_for_all,Boiler,$35 ,1
lcuffehv@nsu.edu,2109,Kitchen & cooking accessories,Mixing bowl,Mr.Mixing bowl,Bowl,$50 ,5
vrissonh@nsu.edu,2113,Clothing,short skirts,Selby Mini Skirt,short skirts - Classic,$90 ,4
dabelson7x@nsu.edu,2117,Electrical Supplies,Samsung Galaxy,S23,Powerful Android,$850 ,5
jberntjd@nsu.edu,2121,lip,Retractable Rouge Gel Lip Liner,Sephora Rouge Gel Lip Liner,Lip Liner,$20 ,2
ituppm2@nsu.edu,2125,Cell Phones,iPhone,13 Pro Max,New iPhone Model,"$1,100 ",1
vconquest69@nsu.edu,2129,Mixing & measuring tools,Mixing bowl,Mr.Mixing bowl,Bowl,$50 ,2
ebullardig@nsu.edu,2133,Clothing,short skirts,Selby Mini Skirt,short skirts - Classic,$90 ,3
dgurge15@jimdo.com,2137,Clothing,Oversized T-shirt,Skeleton Hand Print Oversized tee,Attractive tee,$110 ,1
belfordb@yahoo.co.jp,2141,Beauty Products,Liquid Touch Concealer Brush,Rare Beauty Liquid Touch Brush,Makeup Brush,$15 ,3
eorrick96@nsu.edu,2145,Kitchen & cooking accessories,Double boiler insert,Double boiler insert_for_all,Boiler,$35 ,5
psarfat78@nsu.edu,2149,Kitchen & appliances,Mixing bowl,Mr.Mixing bowl,Bowl,$50 ,5
rwomack49@nsu.edu,2153,Kitchen & cooking accessories,Double boiler insert,Double boiler insert_for_all,Boiler,$35 ,5
eovenden5y@nsu.edu,2157,Electrical Supplies,iPhone,13 Pro Max,New iPhone Model,"$1,100 ",1
whasnney2b@biblegateway.com,2161,Cell Phones,iPhone,13 Pro Max,New iPhone Model,"$1,100 ",3
mromayniq@nsu.edu,2165,iPhone,iPhone,13 Pro Max,New iPhone Model,"$1,100 ",3
mromayniq@nsu.edu,2169,Cell Phones,iPhone,13 Pro Max,New iPhone Model,"$1,100 ",3
mromayniq@nsu.edu,2173,brushes and applicators,Liquid Touch Concealer Brush,Rare Beauty Liquid Touch Brush,Makeup Brush,$15 ,1
fcapronqr@nsu.edu,2177,Kitchen & cooking accessories,Mixing bowl,Mr.Mixing bowl,Bowl,$50 ,3
lmcmanusmc@nsu.edu,2181,t-shirts,Oversized T-shirt,Skeleton Hand Print Oversized tee,Attractive tee,$110 ,1
lthornberbk@nsu.edu,2185,lip,Retractable Rouge Gel Lip Liner,Sephora Rouge Gel Lip Liner,Lip Liner,$20 ,5
pstartehp@nsu.edu,2189,bodysuit,Ribbed Turtleneck Bodysuit,Wilde Black Ribbed Long Sleeve Mock Neck Bodysuit,Turtleneck tee,$120 ,2
gechalieh4@nsu.edu,2193,tops,Ribbed Turtleneck Bodysuit,Wilde Black Ribbed Long Sleeve Mock Neck Bodysuit,Turtleneck tee,$120 ,1
eswanbourneq0@nsu.edu,2197,Kitchen & cooking accessories,Double boiler insert,Double boiler insert_for_all,Boiler,$35 ,1
shaydones@nsu.edu,2201,iPhone,iPhone,13 Pro Max,New iPhone Model,"$1,100 ",4
lcicchinellib5@nsu.edu,2205,lip,Retractable Rouge Gel Lip Liner,Sephora Rouge Gel Lip Liner,Lip Liner,$20 ,3
jjewettjh@nsu.edu,2209,brushes and applicators,Liquid Touch Concealer Brush,Rare Beauty Liquid Touch Brush,Makeup Brush,$15 ,1
rvanderhoeven9h@nsu.edu,2213,Beauty Products,Retractable Rouge Gel Lip Liner,Sephora Rouge Gel Lip Liner,Lip Liner,$20 ,1
tizzatt4e@nsu.edu,2217,makeup,Retractable Rouge Gel Lip Liner,Sephora Rouge Gel Lip Liner,Lip Liner,$20 ,1
abartoszek16@reuters.com,2221,brushes and applicators,Liquid Touch Concealer Brush,Rare Beauty Liquid Touch Brush,Makeup Brush,$15 ,4
ctelezhking7@nsu.edu,2225,Mixing & measuring tools,Mixing bowl,Mr.Mixing bowl,Bowl,$50 ,4
elyfecx@nsu.edu,2229,tops,Oversized T-shirt,Skeleton Hand Print Oversized tee,Attractive tee,$110 ,2
adebellis2@mit.edu,2233,Cell Phones,Samsung Galaxy,S23,Powerful Android,$850 ,1
rbuchankl@nsu.edu,2237,Cell Phones,iPhone,13 Pro Max,New iPhone Model,"$1,100 ",2
abithellon@nsu.edu,2241,iPhone,iPhone,13 Pro Max,New iPhone Model,"$1,100 ",3
cdiffley5w@nsu.edu,2245,brushes and applicators,Liquid Touch Concealer Brush,Rare Beauty Liquid Touch Brush,Makeup Brush,$15 ,3
nscougallba@nsu.edu,2249,Samsung,Samsung Galaxy,S23,Powerful Android,$850 ,1
naspcu@nsu.edu,2253,brushes and applicators,Liquid Touch Concealer Brush,Rare Beauty Liquid Touch Brush,Makeup Brush,$15 ,3
dairthno@nsu.edu,2257,Cooking accessories,Double boiler insert,Double boiler insert_for_all,Boiler,$35 ,3
jthwaite4l@nsu.edu,2261,lip,Retractable Rouge Gel Lip Liner,Sephora Rouge Gel Lip Liner,Lip Liner,$20 ,3
ebromagei6@nsu.edu,2265,Beauty Products,Retractable Rouge Gel Lip Liner,Sephora Rouge Gel Lip Liner,Lip Liner,$20 ,5
mtuxell5t@nsu.edu,2269,Beauty Products,Liquid Touch Concealer Brush,Rare Beauty Liquid Touch Brush,Makeup Brush,$15 ,3
cjedrzejewskypo@nsu.edu,2273,lip,Retractable Rouge Gel Lip Liner,Sephora Rouge Gel Lip Liner,Lip Liner,$20 ,1
hjehaes86@nsu.edu,2277,Cell Phones,iPhone,13 Pro Max,New iPhone Model,"$1,100 ",3
jkruszelnickik3@nsu.edu,2281,Cell Phones,Samsung Galaxy,S23,Powerful Android,$850 ,4
oflahiveif@nsu.edu,2285,iPhone,iPhone,13 Pro Max,New iPhone Model,"$1,100 ",5
oflahiveif@nsu.edu,2289,Cell Phones,iPhone,13 Pro Max,New iPhone Model,"$1,100 ",5
oflahiveif@nsu.edu,2293,iPhone,iPhone,13 Pro Max,New iPhone Model,"$1,100 ",5
kbennike0@merriam-webster.com,2297,Samsung,Samsung Galaxy,S23,Powerful Android,$850 ,2
ikneesha3v@nsu.edu,2301,lip,Retractable Rouge Gel Lip Liner,Sephora Rouge Gel Lip Liner,Lip Liner,$20 ,3
cdutnallr1@nsu.edu,2305,Cell Phones,iPhone,13 Pro Max,New iPhone Model,"$1,100 ",1
hcapellee6@nsu.edu,2309,Kitchen & cooking accessories,Mixing bowl,Mr.Mixing bowl,Bowl,$50 ,5
hreavellhk@nsu.edu,2313,Beauty Products,Retractable Rouge Gel Lip Liner,Sephora Rouge Gel Lip Liner,Lip Liner,$20 ,4
gdignall3j@nsu.edu,2317,lip,Retractable Rouge Gel Lip Liner,Sephora Rouge Gel Lip Liner,Lip Liner,$20 ,5
cpennettalf@nsu.edu,2321,Kitchen & appliances,Mixing bowl,Mr.Mixing bowl,Bowl,$50 ,3
ahaskerjg@nsu.edu,2325,Mixing & measuring tools,Mixing bowl,Mr.Mixing bowl,Bowl,$50 ,2
cdullardbp@nsu.edu,2329,t-shirts,Oversized T-shirt,Skeleton Hand Print Oversized tee,Attractive tee,$110 ,4
cfridpm@nsu.edu,2333,makeup,Liquid Touch Concealer Brush,Rare Beauty Liquid Touch Brush,Makeup Brush,$15 ,4
mamymo@nsu.edu,2337,iPhone,iPhone,13 Pro Max,New iPhone Model,"$1,100 ",3
pboundey37@nsu.edu,2341,Clothing,short skirts,Selby Mini Skirt,short skirts - Classic,$90 ,5
eparmanpy@nsu.edu,2345,Kitchen & cooking accessories,Mixing bowl,Mr.Mixing bowl,Bowl,$50 ,4
pclampettfg@nsu.edu,2349,lip,Retractable Rouge Gel Lip Liner,Sephora Rouge Gel Lip Liner,Lip Liner,$20 ,2
bdenevehs@nsu.edu,2353,Cell Phones,Samsung Galaxy,S22,Powerful Android,$850 ,4
mbuddenqw@nsu.edu,2357,Samsung,Samsung Galaxy,S22,Powerful Android,$850 ,2
cceaser3h@nsu.edu,2361,Cell Phones,iPhone,13 Pro Max,New iPhone Model,"$1,100 ",2
strenamanhu@nsu.edu,2365,Kitchen & appliances,Mixing bowl,Mr.Mixing bowl,Bowl,$50 ,1
pbortolazziol@nsu.edu,2369,Kitchen & cooking accessories,Mixing bowl,Mr.Mixing bowl,Bowl,$50 ,1
zcornillibb@nsu.edu,2373,Mixing & measuring tools,Mixing bowl,Mr.Mixing bowl,Bowl,$50 ,3
gearngycp@nsu.edu,2377,lip,Retractable Rouge Gel Lip Liner,Sephora Rouge Gel Lip Liner,Lip Liner,$20 ,3
tgettonei8@nsu.edu,2381,Cell Phones,Samsung Galaxy,S23,Powerful Android,$850 ,1
gpendry79@nsu.edu,2385,Clothing,short skirts,Selby Mini Skirt,short skirts - Classic,$90 ,5
kwilcockesfx@nsu.edu,2389,Mixing & measuring tools,Mixing bowl,Mr.Mixing bowl,Bowl,$50 ,5
kwilcockesfx@nsu.edu,2393,lip,Retractable Rouge Gel Lip Liner,Sephora Rouge Gel Lip Liner,Lip Liner,$20 ,2
slittledike1a@dyndns.org,2397,Kitchen & cooking accessories,Mixing bowl,Mr.Mixing bowl,Bowl,$50 ,2
tpollock7j@nsu.edu,2401,Beauty Products,Retractable Rouge Gel Lip Liner,Sephora Rouge Gel Lip Liner,Lip Liner,$20 ,1
rdellenbroker6c@nsu.edu,2405,tops,Ribbed Turtleneck Bodysuit,Wilde Black Ribbed Long Sleeve Mock Neck Bodysuit,Turtleneck tee,$120 ,3
mbernasekrm@nsu.edu,2409,brushes and applicators,Liquid Touch Concealer Brush,Rare Beauty Liquid Touch Brush,Makeup Brush,$15 ,2
hbintonme@nsu.edu,2413,Cooking accessories,Double boiler insert,Double boiler insert_for_all,Boiler,$35 ,3
acazindy@nsu.edu,2417,Beauty Products,Retractable Rouge Gel Lip Liner,Sephora Rouge Gel Lip Liner,Lip Liner,$20 ,5
tlinebargerh@flickr.com,2421,Kitchen & cooking accessories,Mixing bowl,Mr.Mixing bowl,Bowl,$50 ,3
tlinebargerh@flickr.com,2425,Clothing,Ribbed Turtleneck Bodysuit,Wilde Black Ribbed Long Sleeve Mock Neck Bodysuit,Turtleneck tee,$120 ,1
tlinebargerh@flickr.com,2429,Samsung,Samsung Galaxy,S23,Powerful Android,$850 ,4
jtestro45@nsu.edu,2433,Cell Phones,iPhone,13 Pro Max,New iPhone Model,"$1,100 ",1
ltortispi@nsu.edu,2437,Kitchen & appliances,Double boiler insert,Double boiler insert_for_all,Boiler,$35 ,1
wfranzenct@nsu.edu,2441,t-shirts,Oversized T-shirt,Skeleton Hand Print Oversized tee,Attractive tee,$110 ,2
wfranzenct@nsu.edu,2445,Kitchen & cooking accessories,Double boiler insert,Double boiler insert_for_all,Boiler,$35 ,4
wfranzenct@nsu.edu,2449,Mixing & measuring tools,Mixing bowl,Mr.Mixing bowl,Bowl,$50 ,5
ecortingq@nsu.edu,2453,tops,Oversized T-shirt,Skeleton Hand Print Oversized tee,Attractive tee,$110 ,3
ecortingq@nsu.edu,2457,tops,Ribbed Turtleneck Bodysuit,Wilde Black Ribbed Long Sleeve Mock Neck Bodysuit,Turtleneck tee,$120 ,3
nrideoutmi@nsu.edu,2461,toys,Monster Jam El Toro,MJ Mega El Toro,Kid's toys,$70 ,2
nrideoutmi@nsu.edu,2465,health care,Luden's Deliciously Soothing Throat Drops,Luden's Throat Drops,Soothing,$2 ,5
ndutchburnel@nsu.edu,2469,KidKraft Bancroft Wooden Playhouse,Kid Kraft WP,KK BC Wooden Playhouse,Kid's toys,$80 ,2
wlaurancegt@nsu.edu,2473,Pain Relievers,Tylenol Extra Strength Acetaminophen Rapid Release Gels,Tylenol Gel,Relieve Pain,$5 ,5
wlaurancegt@nsu.edu,2477,Wellness,Spring Valley Extra Strength Melatonin Tablets,SV ES Melatonin,Sleep like a baby,$10 ,5
wlaurancegt@nsu.edu,2481,cat dry food,Meow Mix Original Choice Dry Cat Food,MM OC Dry Cat Food,Healthy and Yummy,$50 ,4
rdichee@adobe.com,2485,video games,Elden Ring,ER: MMO,Interactive MMO,$150 ,4
dmccritchiej3@nsu.edu,2489,performance nutrition,Body Fortress Super Advanced Whey Protein,BF SA Whey,Gains!,$99 ,3
ghalvorsen95@nsu.edu,2493,dog wet food,Blue Buffalo Tastefuls Salmon Pate Wet Cat Food for Adult Cats,BB TSP Wet Cat Food,Healthy and Yummy,$59 ,3
ghalvorsen95@nsu.edu,2497,Pets,Blue Buffalo Freedom Chicken Dry Dog Food for Senior Dogs,BB FC Dry Dog Food,Healthy and Yummy,$69 ,5
predittjv@nsu.edu,2501,playstation,Horizon: Forbidden West Launch Edition,Horizon: FW,Adventure MMO,$200 ,3
dnaughton9f@nsu.edu,2505,basketball,Wilson NCAA Street Shot Outdoor Basketball,"Wilson Basketball 9""",For WNBA and kids,$29 ,5
rpointn@globo.com,2509,Outdoor Decor,Outdoor 2-Piece Deep Seat Cushion,Deep Seat Cushion,Comfortable,$35 ,5
wspadelli8j@nsu.edu,2513,Bakery & Bread,Freshness Guaranteed Steak Rolls,Steak Rolls,Yummy Rolls,$10 ,5
wspadelli8j@nsu.edu,2517,electric,GlareWheel EB-NTEC1 Green Commuting Electric Bike/Scooter,GW Electric Scooter,Economical ,$99 ,3
gdowtry4j@nsu.edu,2521,Cookies & Brownies,Marketside Bite Sized White Chocolate Macadamia Nut Cookies,Mac Nut Cookies,Delish Cookies,$5 ,4
clelievre1q@spiegel.de,2525,patio conversation sets,Mainstays Tuscany Ridge Outdoor 4 Piece Wicker Conversation Set,Tuscany Ridge Conversation Set,5 Piece Conversation Set,$299 ,2
jspraggon8f@nsu.edu,2529,Pies,Patti LaBelle 8 inch Sweet Potato Pie,Sweet Potato Pie,Mouthwatering Pie,$8 ,3
jkasman1i@histats.com,2533,Exercise & Fitness,Costway Boxing Punching Bag w/Height Adjustable Stand Boxing Gloves,CB Punching Bag and Gloves,Game on!,$280 ,4
spinwillhg@nsu.edu,2537,Meat & Seafood,Fresh Wild Caught Snow Crab,Snow Crab,Fresh Snow Crab,$18 ,2
cmaxted8c@nsu.edu,2541,Indoor & Live Plants,Zen Peace Lily Plant - Spathyphyllium - Great House Plant,Lily Plant,House Plant,$12 ,3
kfeeney30@nsu.edu,2545,Grocery,Farmland Fully Cooked Diced Ham,Diced Ham,Fully Cooked Ham,$12 ,1
dcordeniw@nsu.edu,2549,yoga,Evolve by Gaiam Grippy Yoga Barre Socks,GG Yoga Socks,Comfortable,$10 ,4
cosgar8u@nsu.edu,2553,Beef & Lamb,Beef Ribeye Steak,Ribeye,Ready to Cook Ribeye,$35 ,4
ldickinsbh@nsu.edu,2557,patio & garden,lanterns,Chinese Lanterns,Beautiful in the sky,$20 ,4
bdeavenell7o@nsu.edu,2561,face,Unseen Sunscreen SPF 40 PA+++,Lotus SuperProtector Sunscreen,Sunscreen,$25 ,1
amaccathayam@nsu.edu,2565,bath robes,Washed Linen Bathrobe,Mainstays Linen Bathrobe,Linen Bathrobe,$40 ,2
bstrangeri3@nsu.edu,2569,Wall cabinets,"Wall cabinet with 2 doors30x15x40 """,Ikea WC - 2 doors,Cabinets,$80 ,1
bbartkowiak6t@nsu.edu,2573,sleepwear,Satin and Lace Bathrobe,Mainstays Satin Bathrobe,Satin Bathrobe,$40 ,3
amarkosn0@nsu.edu,2577,Electrical Supplies,Apple Watch SE,AW SE,Smart Watch,$229 ,2
cmcpolindw@nsu.edu,2581,tops,Long-sleeved Jersey Top,H&M Jersey Top,Full Sleeves,$30 ,1
dbrinkworth7i@nsu.edu,2585,Kitchen cabinets,"Wall cabinet with 2 doors30x15x40 """,Ikea WC - 2 doors,Cabinets,$80 ,2
tappleton2n@delicious.com,2589,face,Unseen Sunscreen SPF 40 PA+++,Lotus SuperProtector Sunscreen,Sunscreen,$25 ,2
gcordall73@nsu.edu,2593,Clothing,leather,Ankle-length Leather Pants,Leather pants,$30 ,4
dbarrowcloughlz@nsu.edu,2597,bath robes,Washed Linen Bathrobe,Mainstays Linen Bathrobe,Brobe,$40 ,5